mean,std,min,max,milisec,filename,algorithm
18430.0,0.0,18430.0,18430.0,0.0,data/FIS5-0.txt,CheapestInsertion
22351.0,0.0,22351.0,22351.0,0.0,data/FIS5-1.txt,CheapestInsertion
15356.0,0.0,15356.0,15356.0,0.0,data/FIS5-2.txt,CheapestInsertion
21245.0,0.0,21245.0,21245.0,0.0,data/FIS5-3.txt,CheapestInsertion
19418.0,0.0,19418.0,19418.0,0.0,data/FIS5-4.txt,CheapestInsertion
19486.0,0.0,19486.0,19486.0,0.0,data/FIS6-0.txt,CheapestInsertion
19436.0,0.0,19436.0,19436.0,0.0,data/FIS6-1.txt,CheapestInsertion
23991.0,0.0,23991.0,23991.0,0.0,data/FIS6-2.txt,CheapestInsertion
13819.0,0.0,13819.0,13819.0,0.0,data/FIS6-3.txt,CheapestInsertion
16139.0,0.0,16139.0,16139.0,0.0,data/FIS6-4.txt,CheapestInsertion
16586.0,0.0,16586.0,16586.0,0.0,data/FIS7-0.txt,CheapestInsertion
21536.0,0.0,21536.0,21536.0,0.0,data/FIS7-1.txt,CheapestInsertion
8243.0,0.0,8243.0,8243.0,0.0,data/FIS7-2.txt,CheapestInsertion
21768.0,0.0,21768.0,21768.0,0.0,data/FIS7-3.txt,CheapestInsertion
26358.0,0.0,26358.0,26358.0,0.0,data/FIS7-4.txt,CheapestInsertion
23441.0,0.0,23441.0,23441.0,0.0,data/FIS8-0.txt,CheapestInsertion
18639.0,0.0,18639.0,18639.0,0.0,data/FIS8-1.txt,CheapestInsertion
12652.0,0.0,12652.0,12652.0,0.0,data/FIS8-2.txt,CheapestInsertion
24650.0,0.0,24650.0,24650.0,0.0,data/FIS8-3.txt,CheapestInsertion
22001.0,0.0,22001.0,22001.0,0.0,data/FIS8-4.txt,CheapestInsertion
19211.0,0.0,19211.0,19211.0,0.0,data/FIS9-0.txt,CheapestInsertion
27944.0,0.0,27944.0,27944.0,0.0,data/FIS9-1.txt,CheapestInsertion
31295.0,0.0,31295.0,31295.0,0.0,data/FIS9-2.txt,CheapestInsertion
21011.0,0.0,21011.0,21011.0,0.0,data/FIS9-3.txt,CheapestInsertion
28346.0,0.0,28346.0,28346.0,0.0,data/FIS9-4.txt,CheapestInsertion
25286.0,0.0,25286.0,25286.0,0.0,data/FIS10-0.txt,CheapestInsertion
29813.0,0.0,29813.0,29813.0,0.0,data/FIS10-1.txt,CheapestInsertion
29446.0,0.0,29446.0,29446.0,0.0,data/FIS10-2.txt,CheapestInsertion
21471.0,0.0,21471.0,21471.0,0.0,data/FIS10-3.txt,CheapestInsertion
22816.0,0.0,22816.0,22816.0,0.0,data/FIS10-4.txt,CheapestInsertion
25573.0,0.0,25573.0,25573.0,0.0,data/FIS11-0.txt,CheapestInsertion
30513.0,0.0,30513.0,30513.0,0.0,data/FIS11-1.txt,CheapestInsertion
25264.0,0.0,25264.0,25264.0,0.0,data/FIS11-2.txt,CheapestInsertion
27097.0,0.0,27097.0,27097.0,0.0,data/FIS11-3.txt,CheapestInsertion
26188.0,0.0,26188.0,26188.0,0.0,data/FIS11-4.txt,CheapestInsertion
25686.0,0.0,25686.0,25686.0,0.0,data/FIS12-0.txt,CheapestInsertion
26706.0,0.0,26706.0,26706.0,0.0,data/FIS12-1.txt,CheapestInsertion
28677.0,0.0,28677.0,28677.0,0.0,data/FIS12-2.txt,CheapestInsertion
24393.0,0.0,24393.0,24393.0,0.0,data/FIS12-3.txt,CheapestInsertion
29995.0,0.0,29995.0,29995.0,0.0,data/FIS12-4.txt,CheapestInsertion
27614.0,0.0,27614.0,27614.0,0.0,data/FIS13-0.txt,CheapestInsertion
35369.0,0.0,35369.0,35369.0,0.0,data/FIS13-1.txt,CheapestInsertion
25825.0,0.0,25825.0,25825.0,0.0,data/FIS13-2.txt,CheapestInsertion
20346.0,0.0,20346.0,20346.0,0.0,data/FIS13-3.txt,CheapestInsertion
23593.0,0.0,23593.0,23593.0,0.0,data/FIS13-4.txt,CheapestInsertion
32199.0,0.0,32199.0,32199.0,0.0,data/FIS14-0.txt,CheapestInsertion
37254.0,0.0,37254.0,37254.0,0.0,data/FIS14-1.txt,CheapestInsertion
32713.0,0.0,32713.0,32713.0,0.0,data/FIS14-2.txt,CheapestInsertion
31616.0,0.0,31616.0,31616.0,0.0,data/FIS14-3.txt,CheapestInsertion
34897.0,0.0,34897.0,34897.0,0.0,data/FIS14-4.txt,CheapestInsertion
56446.0,0.0,56446.0,56446.0,3.23,data/FIS50-0.txt,CheapestInsertion
65375.0,0.0,65375.0,65375.0,3.0,data/FIS50-1.txt,CheapestInsertion
68485.0,0.0,68485.0,68485.0,3.0,data/FIS50-2.txt,CheapestInsertion
63566.0,0.0,63566.0,63566.0,3.0,data/FIS50-3.txt,CheapestInsertion
72587.0,0.0,72587.0,72587.0,3.03,data/FIS50-4.txt,CheapestInsertion
93870.0,0.0,93870.0,93870.0,12.73,data/FIS75-0.txt,CheapestInsertion
82251.0,0.0,82251.0,82251.0,12.77,data/FIS75-1.txt,CheapestInsertion
94928.0,0.0,94928.0,94928.0,12.83,data/FIS75-2.txt,CheapestInsertion
76950.0,0.0,76950.0,76950.0,12.43,data/FIS75-3.txt,CheapestInsertion
92431.0,0.0,92431.0,92431.0,12.13,data/FIS75-4.txt,CheapestInsertion
92576.0,0.0,92576.0,92576.0,36.13,data/FIS100-0.txt,CheapestInsertion
106726.0,0.0,106726.0,106726.0,35.47,data/FIS100-1.txt,CheapestInsertion
95492.0,0.0,95492.0,95492.0,35.8,data/FIS100-2.txt,CheapestInsertion
110995.0,0.0,110995.0,110995.0,36.23,data/FIS100-3.txt,CheapestInsertion
88384.0,0.0,88384.0,88384.0,35.77,data/FIS100-4.txt,CheapestInsertion
18430.0,0.0,18430.0,18430.0,0.0,data/FIS5-0.txt,GeneticImproved
22351.0,0.0,22351.0,22351.0,0.0,data/FIS5-1.txt,GeneticImproved
15356.0,0.0,15356.0,15356.0,0.0,data/FIS5-2.txt,GeneticImproved
21245.0,0.0,21245.0,21245.0,0.0,data/FIS5-3.txt,GeneticImproved
19418.0,0.0,19418.0,19418.0,0.0,data/FIS5-4.txt,GeneticImproved
15576.0,0.0,15576.0,15576.0,0.0,data/FIS6-0.txt,GeneticImproved
19720.93,738.86,19436.0,21573.0,0.0,data/FIS6-1.txt,GeneticImproved
23991.0,0.0,23991.0,23991.0,0.0,data/FIS6-2.txt,GeneticImproved
14055.8,614.04,13819.0,15595.0,0.0,data/FIS6-3.txt,GeneticImproved
16139.0,0.0,16139.0,16139.0,0.0,data/FIS6-4.txt,GeneticImproved
17150.8,987.0,16355.0,19927.0,0.0,data/FIS7-0.txt,GeneticImproved
21606.13,1404.45,20251.0,25079.0,0.0,data/FIS7-1.txt,GeneticImproved
9900.67,1247.38,8243.0,11280.0,0.0,data/FIS7-2.txt,GeneticImproved
20496.77,1264.6,19494.0,22933.0,0.0,data/FIS7-3.txt,GeneticImproved
24395.0,0.0,24395.0,24395.0,0.0,data/FIS7-4.txt,GeneticImproved
22343.3,1554.71,20047.0,26071.0,0.0,data/FIS8-0.txt,GeneticImproved
22280.43,1641.28,18639.0,24758.0,0.0,data/FIS8-1.txt,GeneticImproved
22089.6,3796.75,12652.0,27044.0,0.0,data/FIS8-2.txt,GeneticImproved
19931.23,2866.32,15018.0,23950.0,0.0,data/FIS8-3.txt,GeneticImproved
21571.13,1151.41,19030.0,25246.0,0.0,data/FIS8-4.txt,GeneticImproved
26292.83,2178.05,21699.0,28358.0,0.0,data/FIS9-0.txt,GeneticImproved
29864.83,1958.95,26092.0,33519.0,0.0,data/FIS9-1.txt,GeneticImproved
33671.17,1379.19,30846.0,34913.0,0.0,data/FIS9-2.txt,GeneticImproved
22403.37,823.88,19736.0,22739.0,0.0,data/FIS9-3.txt,GeneticImproved
25693.2,2494.81,21566.0,30968.0,0.0,data/FIS9-4.txt,GeneticImproved
31114.23,2346.68,26641.0,36000.0,0.0,data/FIS10-0.txt,GeneticImproved
32221.13,2849.08,25398.0,36418.0,0.0,data/FIS10-1.txt,GeneticImproved
32951.43,2313.04,28688.0,36736.0,0.0,data/FIS10-2.txt,GeneticImproved
30036.13,2509.35,23018.0,35209.0,0.0,data/FIS10-3.txt,GeneticImproved
23387.4,2099.31,19506.0,27526.0,0.0,data/FIS10-4.txt,GeneticImproved
35914.73,3139.44,29236.0,41725.0,0.0,data/FIS11-0.txt,GeneticImproved
38758.73,2585.8,34691.0,44407.0,0.0,data/FIS11-1.txt,GeneticImproved
34885.6,3167.45,26836.0,39683.0,0.0,data/FIS11-2.txt,GeneticImproved
35725.27,2669.39,29941.0,40028.0,0.0,data/FIS11-3.txt,GeneticImproved
34019.37,3219.85,24233.0,39241.0,0.0,data/FIS11-4.txt,GeneticImproved
41956.27,3230.46,31457.0,45017.0,0.0,data/FIS12-0.txt,GeneticImproved
40653.8,3089.28,32741.0,43148.0,0.0,data/FIS12-1.txt,GeneticImproved
45833.27,3141.7,40377.0,53577.0,0.0,data/FIS12-2.txt,GeneticImproved
36214.67,3260.35,28810.0,42040.0,0.0,data/FIS12-3.txt,GeneticImproved
35652.9,121.05,35012.0,35675.0,0.0,data/FIS12-4.txt,GeneticImproved
44840.5,3722.8,36087.0,50523.0,0.0,data/FIS13-0.txt,GeneticImproved
47311.9,3453.42,39625.0,53683.0,0.0,data/FIS13-1.txt,GeneticImproved
47041.33,3091.89,37462.0,49787.0,0.0,data/FIS13-2.txt,GeneticImproved
40595.93,3779.58,30653.0,46704.0,0.0,data/FIS13-3.txt,GeneticImproved
40211.33,3691.8,30544.0,43931.0,0.0,data/FIS13-4.txt,GeneticImproved
45978.5,3554.42,38071.0,52940.0,0.0,data/FIS14-0.txt,GeneticImproved
53192.47,3132.22,44905.0,57918.0,0.0,data/FIS14-1.txt,GeneticImproved
49055.0,3721.61,41976.0,54541.0,0.0,data/FIS14-2.txt,GeneticImproved
48839.07,2918.64,44045.0,54227.0,0.0,data/FIS14-3.txt,GeneticImproved
51061.63,3652.06,40409.0,57734.0,0.0,data/FIS14-4.txt,GeneticImproved
61523.9,6711.4,52905.0,79422.0,223.53,data/FIS50-0.txt,GeneticImproved
63213.0,5465.67,49951.0,77566.0,225.87,data/FIS50-1.txt,GeneticImproved
64692.47,5189.93,56604.0,78037.0,224.5,data/FIS50-2.txt,GeneticImproved
58144.77,5188.43,45609.0,69919.0,224.87,data/FIS50-3.txt,GeneticImproved
65042.13,5341.32,55076.0,78688.0,225.77,data/FIS50-4.txt,GeneticImproved
95186.8,7573.0,81653.0,118561.0,312.83,data/FIS75-0.txt,GeneticImproved
91305.77,7369.88,75680.0,104629.0,311.63,data/FIS75-1.txt,GeneticImproved
96433.67,6155.89,82820.0,109908.0,312.37,data/FIS75-2.txt,GeneticImproved
92104.37,8512.54,78280.0,109581.0,312.6,data/FIS75-3.txt,GeneticImproved
95796.57,6462.5,79952.0,109544.0,311.9,data/FIS75-4.txt,GeneticImproved
123195.4,10459.29,104240.0,141843.0,406.93,data/FIS100-0.txt,GeneticImproved
130871.5,8406.53,117475.0,149618.0,413.47,data/FIS100-1.txt,GeneticImproved
128835.5,8604.97,114894.0,148618.0,414.3,data/FIS100-2.txt,GeneticImproved
132947.3,7705.2,119049.0,151987.0,411.83,data/FIS100-3.txt,GeneticImproved
128267.4,8872.57,101983.0,146894.0,412.4,data/FIS100-4.txt,GeneticImproved
18430.0,0.0,18430.0,18430.0,0.0,data/FIS5-0.txt,Memetic
22351.0,0.0,22351.0,22351.0,0.0,data/FIS5-1.txt,Memetic
15356.0,0.0,15356.0,15356.0,0.0,data/FIS5-2.txt,Memetic
21245.0,0.0,21245.0,21245.0,0.0,data/FIS5-3.txt,Memetic
19418.0,0.0,19418.0,19418.0,0.0,data/FIS5-4.txt,Memetic
15576.0,0.0,15576.0,15576.0,0.0,data/FIS6-0.txt,Memetic
19720.93,738.86,19436.0,21573.0,0.0,data/FIS6-1.txt,Memetic
23991.0,0.0,23991.0,23991.0,0.0,data/FIS6-2.txt,Memetic
14055.8,614.04,13819.0,15595.0,0.0,data/FIS6-3.txt,Memetic
16407.1,818.05,16139.0,18820.0,0.0,data/FIS6-4.txt,Memetic
16628.13,402.09,16355.0,17777.0,0.0,data/FIS7-0.txt,Memetic
21577.73,1394.83,20251.0,24907.0,0.0,data/FIS7-1.txt,Memetic
9523.57,1300.01,8243.0,11280.0,0.0,data/FIS7-2.txt,Memetic
20311.6,1122.45,19494.0,22561.0,0.0,data/FIS7-3.txt,Memetic
24395.0,0.0,24395.0,24395.0,0.0,data/FIS7-4.txt,Memetic
22529.93,1790.81,20047.0,26082.0,0.0,data/FIS8-0.txt,Memetic
21553.83,1773.16,17845.0,25535.0,0.0,data/FIS8-1.txt,Memetic
22807.67,2558.31,17726.0,27232.0,0.0,data/FIS8-2.txt,Memetic
20180.8,2038.94,15018.0,22918.0,0.0,data/FIS8-3.txt,Memetic
21605.73,1103.07,20010.0,23588.0,0.0,data/FIS8-4.txt,Memetic
26318.8,1876.86,21699.0,28358.0,0.0,data/FIS9-0.txt,Memetic
30335.43,1470.69,27468.0,33323.0,0.0,data/FIS9-1.txt,Memetic
33637.7,1542.32,29485.0,34913.0,0.0,data/FIS9-2.txt,Memetic
22473.47,618.12,20746.0,22739.0,0.0,data/FIS9-3.txt,Memetic
26527.33,2094.12,22879.0,30243.0,0.0,data/FIS9-4.txt,Memetic
31100.47,2900.61,24017.0,34573.0,0.0,data/FIS10-0.txt,Memetic
32191.17,2474.94,26975.0,37247.0,0.0,data/FIS10-1.txt,Memetic
32863.47,2543.45,28176.0,37504.0,0.0,data/FIS10-2.txt,Memetic
30830.77,2205.76,27498.0,35485.0,0.0,data/FIS10-3.txt,Memetic
22564.23,2223.72,17690.0,26262.0,0.0,data/FIS10-4.txt,Memetic
35306.13,3385.2,26894.0,40333.0,0.0,data/FIS11-0.txt,Memetic
38019.9,2509.85,34178.0,43026.0,0.0,data/FIS11-1.txt,Memetic
34967.47,1917.75,31565.0,37850.0,0.0,data/FIS11-2.txt,Memetic
34830.1,2425.46,30687.0,40028.0,0.0,data/FIS11-3.txt,Memetic
33775.77,3067.5,26463.0,39241.0,0.0,data/FIS11-4.txt,Memetic
41764.27,2465.6,35013.0,45017.0,0.0,data/FIS12-0.txt,Memetic
40340.53,2413.79,35779.0,43148.0,0.0,data/FIS12-1.txt,Memetic
45308.63,3581.72,36524.0,50917.0,0.0,data/FIS12-2.txt,Memetic
35370.47,2707.82,27219.0,41549.0,0.0,data/FIS12-3.txt,Memetic
35355.0,1564.35,27136.0,35675.0,0.0,data/FIS12-4.txt,Memetic
44245.43,5140.58,26259.0,50523.0,0.0,data/FIS13-0.txt,Memetic
47192.13,3612.88,37139.0,52075.0,0.0,data/FIS13-1.txt,Memetic
46707.33,2876.07,39626.0,49787.0,0.0,data/FIS13-2.txt,Memetic
38236.1,4055.0,30162.0,44824.0,0.0,data/FIS13-3.txt,Memetic
40994.7,2805.36,31133.0,43931.0,0.0,data/FIS13-4.txt,Memetic
46202.13,3568.23,36932.0,53050.0,0.0,data/FIS14-0.txt,Memetic
52311.13,3804.77,43816.0,58442.0,0.0,data/FIS14-1.txt,Memetic
48081.83,3120.08,41310.0,53250.0,0.0,data/FIS14-2.txt,Memetic
48039.63,3308.78,41717.0,54314.0,0.0,data/FIS14-3.txt,Memetic
50202.67,3816.22,43666.0,57162.0,0.0,data/FIS14-4.txt,Memetic
42049.9,1691.2,38028.0,45199.0,38.27,data/FIS50-0.txt,Memetic
43746.23,2057.01,38932.0,48072.0,38.2,data/FIS50-1.txt,Memetic
43919.4,1702.71,41173.0,47435.0,38.03,data/FIS50-2.txt,Memetic
40531.03,1744.95,37277.0,43485.0,38.27,data/FIS50-3.txt,Memetic
47337.6,1875.34,43827.0,52075.0,38.53,data/FIS50-4.txt,Memetic
60065.43,1449.45,54674.0,63188.0,85.7,data/FIS75-0.txt,Memetic
57551.73,1980.91,53679.0,62371.0,85.5,data/FIS75-1.txt,Memetic
58906.93,3169.14,49989.0,64021.0,86.0,data/FIS75-2.txt,Memetic
54406.27,3655.44,47796.0,61561.0,85.07,data/FIS75-3.txt,Memetic
59340.47,2759.21,54673.0,66076.0,85.7,data/FIS75-4.txt,Memetic
71885.23,3790.07,69333.0,80772.0,176.8,data/FIS100-0.txt,Memetic
76400.67,3018.39,71913.0,85389.0,175.13,data/FIS100-1.txt,Memetic
72033.0,3260.31,66123.0,77136.0,176.4,data/FIS100-2.txt,Memetic
73613.17,2168.03,68195.0,80522.0,176.57,data/FIS100-3.txt,Memetic
69673.67,4699.95,60833.0,77334.0,176.6,data/FIS100-4.txt,Memetic
23748.0,0.0,23748.0,23748.0,0.0,data/FIS5-0.txt,NearestNeighborhood
23340.0,0.0,23340.0,23340.0,0.0,data/FIS5-1.txt,NearestNeighborhood
16085.0,0.0,16085.0,16085.0,0.0,data/FIS5-2.txt,NearestNeighborhood
26660.0,0.0,26660.0,26660.0,0.0,data/FIS5-3.txt,NearestNeighborhood
20802.0,0.0,20802.0,20802.0,0.0,data/FIS5-4.txt,NearestNeighborhood
15576.0,0.0,15576.0,15576.0,0.0,data/FIS6-0.txt,NearestNeighborhood
23008.0,0.0,23008.0,23008.0,0.0,data/FIS6-1.txt,NearestNeighborhood
28953.0,0.0,28953.0,28953.0,0.0,data/FIS6-2.txt,NearestNeighborhood
15966.0,0.0,15966.0,15966.0,0.0,data/FIS6-3.txt,NearestNeighborhood
18820.0,0.0,18820.0,18820.0,0.0,data/FIS6-4.txt,NearestNeighborhood
25162.0,0.0,25162.0,25162.0,0.0,data/FIS7-0.txt,NearestNeighborhood
26044.0,0.0,26044.0,26044.0,0.0,data/FIS7-1.txt,NearestNeighborhood
11414.0,0.0,11414.0,11414.0,0.0,data/FIS7-2.txt,NearestNeighborhood
28154.0,0.0,28154.0,28154.0,0.0,data/FIS7-3.txt,NearestNeighborhood
32022.0,0.0,32022.0,32022.0,0.0,data/FIS7-4.txt,NearestNeighborhood
20047.0,0.0,20047.0,20047.0,0.0,data/FIS8-0.txt,NearestNeighborhood
26583.0,0.0,26583.0,26583.0,0.0,data/FIS8-1.txt,NearestNeighborhood
12652.0,0.0,12652.0,12652.0,0.0,data/FIS8-2.txt,NearestNeighborhood
31777.0,0.0,31777.0,31777.0,0.0,data/FIS8-3.txt,NearestNeighborhood
20972.0,0.0,20972.0,20972.0,0.0,data/FIS8-4.txt,NearestNeighborhood
19211.0,0.0,19211.0,19211.0,0.0,data/FIS9-0.txt,NearestNeighborhood
26092.0,0.0,26092.0,26092.0,0.0,data/FIS9-1.txt,NearestNeighborhood
30088.0,0.0,30088.0,30088.0,0.0,data/FIS9-2.txt,NearestNeighborhood
25015.0,0.0,25015.0,25015.0,0.0,data/FIS9-3.txt,NearestNeighborhood
20505.0,0.0,20505.0,20505.0,0.0,data/FIS9-4.txt,NearestNeighborhood
22741.0,0.0,22741.0,22741.0,0.0,data/FIS10-0.txt,NearestNeighborhood
32502.0,0.0,32502.0,32502.0,0.0,data/FIS10-1.txt,NearestNeighborhood
26722.0,0.0,26722.0,26722.0,0.0,data/FIS10-2.txt,NearestNeighborhood
18313.0,0.0,18313.0,18313.0,0.0,data/FIS10-3.txt,NearestNeighborhood
20887.0,0.0,20887.0,20887.0,0.0,data/FIS10-4.txt,NearestNeighborhood
30269.0,0.0,30269.0,30269.0,0.0,data/FIS11-0.txt,NearestNeighborhood
42037.0,0.0,42037.0,42037.0,0.0,data/FIS11-1.txt,NearestNeighborhood
36921.0,0.0,36921.0,36921.0,0.0,data/FIS11-2.txt,NearestNeighborhood
30650.0,0.0,30650.0,30650.0,0.0,data/FIS11-3.txt,NearestNeighborhood
28576.0,0.0,28576.0,28576.0,0.0,data/FIS11-4.txt,NearestNeighborhood
32092.0,0.0,32092.0,32092.0,0.0,data/FIS12-0.txt,NearestNeighborhood
34249.0,0.0,34249.0,34249.0,0.0,data/FIS12-1.txt,NearestNeighborhood
30916.0,0.0,30916.0,30916.0,0.0,data/FIS12-2.txt,NearestNeighborhood
24067.0,0.0,24067.0,24067.0,0.0,data/FIS12-3.txt,NearestNeighborhood
33877.0,0.0,33877.0,33877.0,0.0,data/FIS12-4.txt,NearestNeighborhood
41706.0,0.0,41706.0,41706.0,0.0,data/FIS13-0.txt,NearestNeighborhood
37462.0,0.0,37462.0,37462.0,0.0,data/FIS13-1.txt,NearestNeighborhood
30796.0,0.0,30796.0,30796.0,0.0,data/FIS13-2.txt,NearestNeighborhood
34267.0,0.0,34267.0,34267.0,0.0,data/FIS13-3.txt,NearestNeighborhood
30161.0,0.0,30161.0,30161.0,0.0,data/FIS13-4.txt,NearestNeighborhood
35777.0,0.0,35777.0,35777.0,0.0,data/FIS14-0.txt,NearestNeighborhood
44642.0,0.0,44642.0,44642.0,0.0,data/FIS14-1.txt,NearestNeighborhood
31066.0,0.0,31066.0,31066.0,0.0,data/FIS14-2.txt,NearestNeighborhood
34227.0,0.0,34227.0,34227.0,0.0,data/FIS14-3.txt,NearestNeighborhood
35876.0,0.0,35876.0,35876.0,0.0,data/FIS14-4.txt,NearestNeighborhood
55603.0,0.0,55603.0,55603.0,0.0,data/FIS50-0.txt,NearestNeighborhood
81189.0,0.0,81189.0,81189.0,0.0,data/FIS50-1.txt,NearestNeighborhood
75268.0,0.0,75268.0,75268.0,0.0,data/FIS50-2.txt,NearestNeighborhood
68922.0,0.0,68922.0,68922.0,0.0,data/FIS50-3.txt,NearestNeighborhood
58914.0,0.0,58914.0,58914.0,0.0,data/FIS50-4.txt,NearestNeighborhood
105107.0,0.0,105107.0,105107.0,1.0,data/FIS75-0.txt,NearestNeighborhood
91619.0,0.0,91619.0,91619.0,1.0,data/FIS75-1.txt,NearestNeighborhood
84164.0,0.0,84164.0,84164.0,1.0,data/FIS75-2.txt,NearestNeighborhood
86513.0,0.0,86513.0,86513.0,1.0,data/FIS75-3.txt,NearestNeighborhood
108833.0,0.0,108833.0,108833.0,1.0,data/FIS75-4.txt,NearestNeighborhood
99074.0,0.0,99074.0,99074.0,2.0,data/FIS100-0.txt,NearestNeighborhood
113725.0,0.0,113725.0,113725.0,2.0,data/FIS100-1.txt,NearestNeighborhood
105615.0,0.0,105615.0,105615.0,2.0,data/FIS100-2.txt,NearestNeighborhood
121754.0,0.0,121754.0,121754.0,2.0,data/FIS100-3.txt,NearestNeighborhood
98310.0,0.0,98310.0,98310.0,2.0,data/FIS100-4.txt,NearestNeighborhood
