algorithm;filename;num_vertex;min_path;milisec;cost
BruteForce;data/FIS5-0.txt;5;0,2,1,4,3;0;18430
BruteForce;data/FIS5-1.txt;5;0,1,3,2,4;0;22351
BruteForce;data/FIS5-2.txt;5;0,1,4,2,3;0;15356
BruteForce;data/FIS5-3.txt;5;0,1,4,2,3;0;21245
BruteForce;data/FIS5-4.txt;5;0,1,4,3,2;0;19418
BruteForce;data/FIS6-0.txt;6;0,1,2,5,3,4;0;15576
BruteForce;data/FIS6-1.txt;6;0,1,3,2,4,5;0;19436
BruteForce;data/FIS6-2.txt;6;0,1,4,5,3,2;0;23991
BruteForce;data/FIS6-3.txt;6;0,2,4,1,3,5;0;13819
BruteForce;data/FIS6-4.txt;6;0,4,2,1,3,5;0;16139
BruteForce;data/FIS7-0.txt;7;0,5,2,4,1,3,6;1;16355
BruteForce;data/FIS7-1.txt;7;0,2,6,1,4,5,3;1;20251
BruteForce;data/FIS7-2.txt;7;0,2,1,3,4,6,5;1;8243
BruteForce;data/FIS7-3.txt;7;0,2,5,4,6,1,3;1;19494
BruteForce;data/FIS7-4.txt;7;0,1,3,4,6,2,5;1;24395
BruteForce;data/FIS8-0.txt;8;0,3,5,2,1,6,4,7;15;19668
BruteForce;data/FIS8-1.txt;8;0,3,6,5,4,2,1,7;15;17845
BruteForce;data/FIS8-2.txt;8;0,3,1,6,5,7,2,4;15;12652
BruteForce;data/FIS8-3.txt;8;0,3,4,1,2,5,7,6;16;15018
BruteForce;data/FIS8-4.txt;8;0,5,6,4,2,1,3,7;15;19030
BruteForce;data/FIS9-0.txt;9;0,4,5,6,1,3,2,7,8;151;19211
BruteForce;data/FIS9-1.txt;9;0,3,2,5,4,8,7,1,6;151;25376
BruteForce;data/FIS9-2.txt;9;0,2,3,4,6,8,1,5,7;153;29033
BruteForce;data/FIS9-3.txt;9;0,1,3,5,6,4,8,2,7;153;17895
BruteForce;data/FIS9-4.txt;9;0,1,4,7,2,6,3,8,5;153;18675
BruteForce;data/FIS10-0.txt;10;0,1,7,6,8,2,4,5,9,3;1542;17971
BruteForce;data/FIS10-1.txt;10;0,3,8,6,9,1,7,5,2,4;1596;19192
BruteForce;data/FIS10-2.txt;10;0,1,5,7,9,8,4,6,2,3;1604;22022
BruteForce;data/FIS10-3.txt;10;0,2,4,3,9,5,1,7,6,8;1574;14404
BruteForce;data/FIS10-4.txt;10;0,4,6,5,2,1,9,8,3,7;1595;15170
BruteForce;data/FIS11-0.txt;11;0,2,5,9,1,6,8,10,7,3,4;18464;19179
BruteForce;data/FIS11-1.txt;11;0,2,1,5,4,8,10,6,9,3,7;18547;22379
BruteForce;data/FIS11-2.txt;11;0,9,6,4,8,7,3,1,5,2,10;18438;23672
BruteForce;data/FIS11-3.txt;11;0,6,1,4,9,7,8,5,2,3,10;18281;23243
BruteForce;data/FIS11-4.txt;11;0,1,2,3,5,7,10,8,9,6,4;18461;20913
BruteForce;data/FIS12-0.txt;12;0,2,3,10,8,7,5,6,11,9,1,4;229225;23875
BruteForce;data/FIS12-1.txt;12;0,1,4,10,6,11,9,5,8,7,2,3;236104;25024
BruteForce;data/FIS12-2.txt;12;0,9,1,11,6,4,5,3,2,8,7,10;236766;28677
BruteForce;data/FIS12-3.txt;12;0,6,2,11,4,7,1,3,8,5,9,10;238009;19391
BruteForce;data/FIS12-4.txt;12;0,2,8,6,10,7,1,3,9,5,4,11;237466;24669
BruteForce;data/FIS13-0.txt;13;0,3,10,4,12,11,7,5,6,1,9,2,8;3.15402e+06;21813
BruteForce;data/FIS13-1.txt;13;0,3,12,5,1,7,10,9,2,4,11,8,6;3.16642e+06;27120
BruteForce;data/FIS13-2.txt;13;0,1,2,7,5,11,12,3,4,8,9,10,6;3.16819e+06;22463
BruteForce;data/FIS13-3.txt;13;0,8,5,9,11,7,2,3,6,12,1,4,10;3.15209e+06;16817
BruteForce;data/FIS13-4.txt;13;0,1,8,5,9,11,12,7,10,4,2,6,3;3.19053e+06;18826
BruteForce;data/FIS14-0.txt;14;0,4,6,5,8,9,12,2,1,3,7,10,13,11;4.56315e+07;24042
BruteForce;data/FIS14-1.txt;14;0,4,13,9,3,1,5,2,11,7,10,6,8,12;4.59922e+07;31600
BruteForce;data/FIS14-2.txt;14;0,1,3,9,5,10,8,11,7,6,2,13,12,4;4.51363e+07;25265
BruteForce;data/FIS14-3.txt;14;0,5,8,6,2,1,11,4,13,10,12,9,3,7;4.52687e+07;22374
BruteForce;data/FIS14-4.txt;14;0,5,1,13,2,3,4,6,11,10,9,7,12,8;4.46444e+07;27044
BruteForce; data/FIS15-0.txt;15;0,10,3,12,6,5,1,9,11,13,2,7,4,8,14;7.06059e+08;22304
BruteForce; data/FIS15-1.txt;15;0,3,2,5,9,8,10,7,4,14,13,11,12,1,6;6.87406e+08;26234
BruteForce; data/FIS15-2.txt;15;0,5,9,7,14,3,10,1,6,2,11,4,12,13,8;6.83243e+08;23143
GeneticAlgorithm;data/FIS5-0.txt;5;0,2,1,4,3;410807;18430
GeneticAlgorithm;data/FIS5-1.txt;5;0,4,2,3,1;410107;22351
GeneticAlgorithm;data/FIS5-2.txt;5;0,1,4,2,3;411365;15356
GeneticAlgorithm;data/FIS5-3.txt;5;3,0,1,4,2;408772;21245
GeneticAlgorithm;data/FIS5-4.txt;5;4,3,2,0,1;410377;19418
GeneticAlgorithm;data/FIS6-0.txt;6;0,4,3,5,2,1;423608;15576
GeneticAlgorithm;data/FIS6-1.txt;6;1,3,2,4,5,0;424825;19436
GeneticAlgorithm;data/FIS6-2.txt;6;3,2,0,1,4,5;426800;23991
GeneticAlgorithm;data/FIS6-3.txt;6;1,4,2,0,5,3;423940;13819
GeneticAlgorithm;data/FIS6-4.txt;6;0,4,2,1,3,5;422667;16139
GeneticAlgorithm;data/FIS7-0.txt;7;1,4,2,5,0,6,3;436588;16355
GeneticAlgorithm;data/FIS7-1.txt;7;6,1,4,5,3,0,2;437627;20251
GeneticAlgorithm;data/FIS7-2.txt;7;2,0,5,6,4,3,1;435021;8243
GeneticAlgorithm;data/FIS7-3.txt;7;5,2,0,3,1,6,4;435783;19494
GeneticAlgorithm;data/FIS7-4.txt;7;2,6,4,3,1,0,5;435104;24395
GeneticAlgorithm;data/FIS8-0.txt;8;2,5,3,0,7,4,6,1;449079;19668
GeneticAlgorithm;data/FIS8-1.txt;8;5,6,3,0,7,1,2,4;450371;17845
GeneticAlgorithm;data/FIS8-2.txt;8;4,0,3,1,6,5,7,2;453381;12652
GeneticAlgorithm;data/FIS8-3.txt;8;0,3,4,1,2,5,7,6;453005;15018
GeneticAlgorithm;data/FIS8-4.txt;8;5,6,4,2,1,3,7,0;452440;19030
GeneticAlgorithm;data/FIS9-0.txt;9;5,4,0,8,7,2,3,1,6;469717;19211
GeneticAlgorithm;data/FIS9-1.txt;9;8,7,1,6,0,3,2,5,4;466075;25376
GeneticAlgorithm;data/FIS9-2.txt;9;3,2,0,7,5,1,8,6,4;465476;29033
GeneticAlgorithm;data/FIS9-3.txt;9;3,1,0,7,2,8,4,6,5;463761;17895
GeneticAlgorithm;data/FIS9-4.txt;9;8,5,0,1,4,7,2,6,3;466904;18675
GeneticAlgorithm;data/FIS10-0.txt;10;8,6,7,1,0,3,9,5,4,2;479759;17971
GeneticAlgorithm;data/FIS10-1.txt;10;9,6,8,3,0,4,2,5,7,1;483158;19192
GeneticAlgorithm;data/FIS10-2.txt;10;5,1,0,3,2,6,4,8,9,7;480604;22022
GeneticAlgorithm;data/FIS10-3.txt;10;0,8,6,7,1,5,9,3,4,2;480329;14404
GeneticAlgorithm;data/FIS10-4.txt;10;3,7,0,4,6,5,2,1,9,8;482009;15170
GeneticAlgorithm;data/FIS11-0.txt;11;9,5,2,0,4,3,7,10,8,6,1;498703;19179
GeneticAlgorithm;data/FIS11-1.txt;11;7,3,9,6,10,8,4,5,1,2,0;496838;22379
GeneticAlgorithm;data/FIS11-2.txt;11;6,9,0,10,2,5,1,3,7,8,4;496744;23672
GeneticAlgorithm;data/FIS11-3.txt;11;6,1,4,9,7,8,5,2,3,10,0;500480;23243
GeneticAlgorithm;data/FIS11-4.txt;11;1,2,10,8,9,6,7,5,3,0,4;495411;23334
GeneticAlgorithm;data/FIS12-0.txt;12;1,4,0,2,8,10,3,6,5,7,11,9;513237;25084
GeneticAlgorithm;data/FIS12-1.txt;12;8,7,2,3,0,1,4,10,6,11,9,5;511306;25024
GeneticAlgorithm;data/FIS12-2.txt;12;2,3,5,4,6,11,1,9,0,10,7,8;509252;28677
GeneticAlgorithm;data/FIS12-3.txt;12;7,4,11,2,6,0,10,9,5,8,3,1;512243;19391
GeneticAlgorithm;data/FIS12-4.txt;12;11,8,4,5,6,10,7,1,9,3,2,0;509166;25957
GeneticAlgorithm;data/FIS13-0.txt;13;6,5,8,4,12,11,7,3,10,9,2,0,1;529419;25492
GeneticAlgorithm;data/FIS13-1.txt;13;5,12,3,6,8,11,4,0,2,9,10,7,1;526882;29442
GeneticAlgorithm;data/FIS13-2.txt;13;12,8,4,3,0,1,2,9,10,6,7,5,11;524768;26045
GeneticAlgorithm;data/FIS13-3.txt;13;1,4,10,0,8,5,9,11,7,2,3,6,12;530942;16817
GeneticAlgorithm;data/FIS13-4.txt;13;10,7,12,11,0,2,6,3,9,5,8,1,4;529546;21745
GeneticAlgorithm;data/FIS14-0.txt;14;2,12,9,6,4,3,1,5,0,11,8,13,10,7;547649;25944
GeneticAlgorithm;data/FIS14-1.txt;14;8,6,10,7,11,2,5,1,3,9,13,4,0,12;548804;31600
GeneticAlgorithm;data/FIS14-2.txt;14;7,11,8,10,5,2,0,1,4,12,13,6,9,3;543425;26352
GeneticAlgorithm;data/FIS14-3.txt;14;7,0,5,8,6,2,1,11,4,13,10,12,9,3;546318;22374
GeneticAlgorithm;data/FIS14-4.txt;14;13,1,5,0,6,11,12,7,9,3,10,4,8,2;546847;28227
GeneticAlgorithm;data/FIS50-0.txt;50;39,24,11,21,40,31,46,19,41,44,35,22,14,9,29,3,15,18,33,45,10,7,0,13,16,28,47,2,5,30,20,32,37,48,36,6,8,4,27,26,23,1,38,43,34,17,42,12,49,25;1.18844e+06;100488
GeneticAlgorithm;data/FIS50-1.txt;50;47,7,34,31,11,5,49,10,27,18,42,36,19,35,15,33,3,32,9,44,6,23,41,25,39,38,22,26,48,20,45,4,0,16,46,1,12,28,21,8,37,14,30,43,24,17,13,40,29,2;1.20262e+06;97698
GeneticAlgorithm;data/FIS50-2.txt;50;25,28,30,45,33,47,2,18,1,13,48,0,35,7,42,20,14,11,8,12,19,15,10,36,49,17,32,4,22,31,38,6,24,46,39,34,37,26,16,23,40,44,41,43,29,3,5,21,9,27;1.20713e+06;88219
GeneticAlgorithm;data/FIS50-3.txt;50;39,5,26,0,31,33,8,21,6,12,15,18,36,43,10,27,3,24,4,30,11,46,28,47,48,19,22,17,45,16,42,1,49,41,44,34,13,2,32,9,7,35,14,37,25,38,23,29,20,40;1.19026e+06;81908
GeneticAlgorithm;data/FIS50-4.txt;50;3,8,24,27,12,16,9,13,42,32,1,14,0,7,25,2,26,29,10,43,40,47,19,44,23,46,4,28,11,22,41,39,15,5,36,31,37,49,35,30,20,18,38,34,21,33,48,17,45,6;1.23268e+06;94902
GeneticAlgorithm;data/FIS75-0.txt;75;48,55,23,18,25,9,20,5,51,53,52,71,57,38,29,30,2,37,17,13,32,58,22,11,46,7,28,33,47,43,19,40,34,73,66,36,12,1,10,15,60,31,63,67,4,49,16,21,44,41,26,35,14,6,45,27,65,24,70,0,3,39,64,72,69,50,68,56,62,42,54,8,74,61,59;1.84338e+06;144639
GeneticAlgorithm;data/FIS75-1.txt;75;42,28,26,72,64,11,46,36,74,73,47,55,40,15,71,23,7,66,59,69,65,43,68,0,61,60,34,2,27,58,20,37,12,33,45,13,62,41,52,39,35,3,49,70,10,51,1,56,5,57,44,25,31,24,6,67,63,53,54,8,48,16,14,9,18,19,21,17,22,30,29,32,4,38,50;1.82768e+06;147528
GeneticAlgorithm;data/FIS75-2.txt;75;61,41,22,0,7,49,43,59,9,31,13,8,35,25,63,34,71,62,24,30,18,39,68,3,27,29,50,72,40,53,38,16,14,20,23,66,52,51,26,36,54,5,32,1,19,12,65,56,67,42,47,70,6,55,48,21,73,46,4,69,45,28,74,57,37,44,15,10,2,58,17,60,11,64,33;1.85439e+06;140824
GeneticAlgorithm;data/FIS75-3.txt;75;24,28,22,72,30,56,71,49,68,50,10,57,64,19,37,6,34,33,65,53,38,12,13,0,25,2,48,40,35,8,46,3,41,61,42,15,4,14,52,47,63,44,11,70,21,67,5,23,59,32,7,9,62,73,51,58,27,16,66,17,69,18,74,55,31,1,43,20,60,54,29,26,36,39,45;1.84716e+06;141726
GeneticAlgorithm;data/FIS75-4.txt;75;63,58,47,32,3,17,20,71,74,60,22,8,30,21,46,29,18,37,50,70,12,26,34,45,62,72,59,39,14,36,42,55,69,52,49,7,25,40,56,48,61,73,54,16,57,53,35,33,13,67,6,4,27,24,68,0,41,1,65,2,31,38,15,64,19,9,5,11,23,28,10,43,44,66,51;1.83879e+06;121884
GeneticAlgorithm;data/FIS100-0.txt;100;49,74,96,84,87,41,23,15,62,47,94,24,68,5,25,8,3,53,13,2,58,75,98,63,35,31,16,38,81,88,76,42,61,51,6,60,52,10,17,26,34,27,90,46,37,14,95,82,54,50,44,66,72,20,12,69,22,45,85,28,65,4,30,43,70,18,36,73,93,39,21,71,48,78,57,91,97,77,92,89,59,79,0,33,64,80,83,67,11,32,9,29,7,19,86,40,1,99,55,56;2.45408e+06;194761
GeneticAlgorithm;data/FIS100-1.txt;100;77,50,21,38,14,31,12,53,69,89,37,71,24,13,27,11,4,51,40,9,5,78,28,83,23,75,20,70,58,79,18,39,99,95,35,49,67,88,2,22,64,34,7,62,72,1,36,43,33,84,48,19,80,3,46,15,56,97,65,10,29,87,0,32,59,63,91,26,30,93,81,41,82,8,57,45,6,25,42,16,85,92,76,90,47,44,54,68,74,86,55,17,60,73,96,52,61,98,94,66;2.47729e+06;175802
GeneticAlgorithm;data/FIS100-2.txt;100;46,31,17,30,8,85,60,91,57,36,12,27,73,65,5,21,55,51,48,38,44,11,93,41,16,94,14,96,68,37,87,52,26,89,29,71,53,80,86,50,99,10,45,92,70,81,4,6,24,20,74,84,98,77,58,39,9,13,22,15,78,28,49,66,35,33,54,18,1,19,34,43,40,3,76,23,67,25,90,82,56,7,75,64,97,88,62,32,47,42,2,0,63,69,72,83,79,95,61,59;2.62673e+06;201584
GeneticAlgorithm;data/FIS100-3.txt;100;66,57,63,97,81,95,51,61,22,12,49,68,8,34,60,24,53,10,71,16,38,80,36,74,4,17,0,78,77,76,56,85,90,72,87,33,73,20,62,19,13,11,55,40,96,86,99,21,91,3,88,14,69,2,67,79,64,9,5,35,47,50,93,94,84,29,1,46,59,75,18,30,45,37,31,83,27,26,65,70,58,7,23,6,42,32,89,41,54,39,92,43,98,48,15,25,28,82,52,44;2.674e+06;176038
GeneticAlgorithm;data/FIS100-4.txt;100;41,68,49,39,30,10,28,70,38,52,5,83,23,91,61,92,63,42,1,20,13,48,34,11,3,76,18,56,21,98,81,62,44,0,33,25,47,66,54,69,75,37,50,45,85,16,53,27,88,32,65,73,55,58,89,90,14,12,8,24,59,60,87,77,57,4,40,95,86,84,29,26,9,2,35,71,36,82,31,97,78,15,19,43,7,64,17,72,80,99,94,46,51,93,6,22,67,79,74,96;2.56866e+06;187908
GeneticAlgorithmDouble;data/FIS5-0.txt;5;1,2,0,3,4;1.34644e+06;18430
GeneticAlgorithmDouble;data/FIS5-1.txt;5;1,0,4,2,3;1.3486e+06;22351
GeneticAlgorithmDouble;data/FIS5-2.txt;5;2,3,0,1,4;1.3549e+06;15356
GeneticAlgorithmDouble;data/FIS5-3.txt;5;4,1,0,3,2;1.35104e+06;21245
GeneticAlgorithmDouble;data/FIS5-4.txt;5;1,0,2,3,4;1.34926e+06;19418
GeneticAlgorithmDouble;data/FIS6-0.txt;6;5,2,1,0,4,3;1.42862e+06;15576
GeneticAlgorithmDouble;data/FIS6-1.txt;6;0,1,3,2,4,5;1.44008e+06;19436
GeneticAlgorithmDouble;data/FIS6-2.txt;6;0,2,3,5,4,1;1.42948e+06;23991
GeneticAlgorithmDouble;data/FIS6-3.txt;6;5,0,2,4,1,3;1.43862e+06;13819
GeneticAlgorithmDouble;data/FIS6-4.txt;6;2,1,3,5,0,4;1.42892e+06;16139
GeneticAlgorithmDouble;data/FIS7-0.txt;7;2,5,0,6,3,1,4;1.53602e+06;16355
GeneticAlgorithmDouble;data/FIS7-1.txt;7;5,4,1,6,2,0,3;1.52979e+06;20251
GeneticAlgorithmDouble;data/FIS7-2.txt;7;1,3,4,6,5,0,2;1.54276e+06;8243
GeneticAlgorithmDouble;data/FIS7-3.txt;7;4,5,2,0,3,1,6;1.5156e+06;19494
GeneticAlgorithmDouble;data/FIS7-4.txt;7;5,0,1,3,4,6,2;1.50556e+06;24395
GeneticAlgorithmDouble;data/FIS8-0.txt;8;1,2,5,3,0,7,4,6;1.65239e+06;19668
GeneticAlgorithmDouble;data/FIS8-1.txt;8;0,3,6,5,4,2,1,7;1.80325e+06;17845
GeneticAlgorithmDouble;data/FIS8-2.txt;8;6,1,3,0,4,2,7,5;1.82026e+06;12652
GeneticAlgorithmDouble;data/FIS8-3.txt;8;4,1,2,5,7,6,0,3;1.60856e+06;15018
GeneticAlgorithmDouble;data/FIS8-4.txt;8;1,3,7,0,5,6,4,2;1.82629e+06;19030
GeneticAlgorithmDouble;data/FIS9-0.txt;9;5,6,1,3,2,7,8,0,4;1.7525e+06;19211
GeneticAlgorithmDouble;data/FIS9-1.txt;9;8,7,1,6,0,3,2,5,4;1.77861e+06;25376
GeneticAlgorithmDouble;data/FIS9-2.txt;9;7,5,1,8,6,4,3,2,0;1.68013e+06;29033
GeneticAlgorithmDouble;data/FIS9-3.txt;9;0,1,3,5,6,4,8,2,7;1.72191e+06;17895
GeneticAlgorithmDouble;data/FIS9-4.txt;9;7,4,1,0,5,8,3,6,2;1.80686e+06;18675
GeneticAlgorithmDouble;data/FIS10-0.txt;10;9,3,0,1,7,6,8,2,4,5;1.97554e+06;17971
GeneticAlgorithmDouble;data/FIS10-1.txt;10;2,4,0,3,8,6,9,1,7,5;1.84247e+06;19192
GeneticAlgorithmDouble;data/FIS10-2.txt;10;5,1,0,3,2,6,4,8,9,7;1.954e+06;22022
GeneticAlgorithmDouble;data/FIS10-3.txt;10;4,2,0,8,6,7,1,5,9,3;2.01583e+06;14404
GeneticAlgorithmDouble;data/FIS10-4.txt;10;6,4,0,7,3,8,9,1,2,5;1.84663e+06;15170
GeneticAlgorithmDouble;data/FIS11-0.txt;11;10,7,3,4,0,2,5,9,1,6,8;1.98814e+06;19179
GeneticAlgorithmDouble;data/FIS11-1.txt;11;0,2,1,5,4,8,10,6,9,3,7;2.16344e+06;22379
GeneticAlgorithmDouble;data/FIS11-2.txt;11;10,2,5,1,3,7,8,4,6,9,0;2.13809e+06;23672
GeneticAlgorithmDouble;data/FIS11-3.txt;11;4,9,7,8,5,2,3,10,0,6,1;2.07577e+06;23243
GeneticAlgorithmDouble;data/FIS11-4.txt;11;1,0,4,6,9,8,10,7,5,3,2;2.15917e+06;20913
GeneticAlgorithmDouble;data/FIS12-0.txt;12;6,5,7,8,10,3,2,0,4,1,9,11;2.31025e+06;23875
GeneticAlgorithmDouble;data/FIS12-1.txt;12;8,5,9,11,6,10,4,1,0,3,2,7;2.23277e+06;25024
GeneticAlgorithmDouble;data/FIS12-2.txt;12;1,7,4,10,8,2,3,5,9,0,6,11;2.11266e+06;30627
GeneticAlgorithmDouble;data/FIS12-3.txt;12;10,0,6,2,11,4,7,1,3,8,5,9;2.08506e+06;19391
GeneticAlgorithmDouble;data/FIS12-4.txt;12;2,0,4,5,6,10,7,1,3,9,11,8;2.1693e+06;26369
GeneticAlgorithmDouble;data/FIS13-0.txt;13;10,3,0,4,12,11,8,2,9,1,6,5,7;2.34472e+06;22717
GeneticAlgorithmDouble;data/FIS13-1.txt;13;7,1,5,3,12,6,11,4,9,2,0,8,10;2.38539e+06;28166
GeneticAlgorithmDouble;data/FIS13-2.txt;13;12,8,4,3,0,1,2,9,10,6,7,5,11;2.3126e+06;26045
GeneticAlgorithmDouble;data/FIS13-3.txt;13;9,5,3,2,7,11,8,0,10,4,1,12,6;2.24443e+06;18039
GeneticAlgorithmDouble;data/FIS13-4.txt;13;4,10,7,12,11,5,8,2,0,3,6,9,1;2.46546e+06;22323
GeneticAlgorithmDouble;data/FIS14-0.txt;14;4,0,11,13,1,2,3,7,10,12,9,8,5,6;2.4045e+06;24065
GeneticAlgorithmDouble;data/FIS14-1.txt;14;0,12,8,6,10,7,11,2,5,1,3,9,13,4;2.3969e+06;31600
GeneticAlgorithmDouble;data/FIS14-2.txt;14;10,6,12,1,0,4,9,8,3,7,11,13,2,5;2.25913e+06;28381
GeneticAlgorithmDouble;data/FIS14-3.txt;14;12,9,3,4,7,11,10,0,5,8,6,2,1,13;2.39088e+06;26020
GeneticAlgorithmDouble;data/FIS14-4.txt;14;13,8,0,5,1,6,11,10,9,7,3,2,12,4;2.46946e+06;28320
GeneticAlgorithmDouble;data/FIS50-0.txt;50;29,3,0,36,20,2,10,33,42,30,19,41,15,49,14,22,28,17,16,35,44,4,27,31,32,38,43,39,23,1,7,45,13,47,5,21,9,8,12,37,24,46,11,34,6,48,40,18,26,25;5.34084e+06;88430
GeneticAlgorithmDouble;data/FIS50-1.txt;50;29,37,42,31,28,46,20,4,9,22,38,24,2,36,44,17,7,43,33,1,12,11,39,25,14,5,40,35,13,16,41,47,18,32,10,26,21,34,48,27,30,8,0,49,45,19,3,15,6,23;5.22294e+06;85052
GeneticAlgorithmDouble;data/FIS50-2.txt;50;43,19,4,0,13,7,26,37,34,44,40,23,8,20,16,21,28,42,47,5,3,12,32,36,1,41,35,48,29,46,25,27,2,6,38,31,22,24,17,11,10,14,18,15,9,33,45,30,39,49;5.1066e+06;83808
GeneticAlgorithmDouble;data/FIS50-3.txt;50;25,34,29,41,44,1,49,16,33,30,28,9,5,35,13,0,15,18,8,43,14,47,23,42,6,11,32,10,27,2,20,38,45,19,40,46,12,24,4,36,39,37,21,31,17,48,26,7,3,22;5.12073e+06;90769
GeneticAlgorithmDouble;data/FIS50-4.txt;50;36,46,32,10,29,0,43,8,47,27,3,48,38,1,14,33,22,45,49,35,41,19,12,25,5,11,6,37,13,39,15,31,42,9,18,23,44,17,40,21,7,16,26,24,30,4,2,20,34,28;5.15617e+06;87658
GeneticAlgorithmDouble;data/FIS75-0.txt;75;69,18,67,21,51,2,56,32,29,43,41,49,54,22,13,3,20,39,37,52,26,30,34,53,16,15,55,66,62,14,6,46,17,68,4,5,72,44,9,11,28,1,24,73,42,10,65,64,36,45,19,60,31,74,8,23,27,57,0,25,70,71,12,40,38,50,47,35,33,7,61,59,48,58,63;7.66461e+06;151891
GeneticAlgorithmDouble;data/FIS75-1.txt;75;11,6,71,56,38,23,70,65,73,61,21,64,41,52,33,45,58,28,31,42,54,74,8,53,22,29,49,17,62,7,27,9,44,20,50,35,66,36,48,10,14,34,30,4,19,3,12,13,68,18,16,51,55,1,2,25,69,60,32,40,24,15,43,59,37,0,63,67,46,26,5,47,57,72,39;7.96048e+06;150278
GeneticAlgorithmDouble;data/FIS75-2.txt;75;44,67,42,46,63,40,7,2,47,62,5,22,41,68,19,14,20,29,3,50,23,66,57,43,16,13,64,33,61,71,58,35,9,6,52,51,25,54,12,34,30,59,8,15,4,0,49,17,1,56,48,27,60,10,21,45,69,37,65,73,24,39,28,74,53,11,31,32,18,70,26,36,55,38,72;7.68518e+06;145497
GeneticAlgorithmDouble;data/FIS75-3.txt;75;37,24,45,22,28,8,18,0,55,49,35,54,64,3,46,17,16,60,36,39,34,13,19,52,47,74,11,5,32,15,42,14,72,63,62,53,2,6,10,66,25,68,30,38,20,69,41,7,21,9,61,57,4,44,73,51,23,1,31,48,50,33,27,71,12,29,40,65,67,56,26,59,70,43,58;7.12401e+06;141368
GeneticAlgorithmDouble;data/FIS75-4.txt;75;48,22,8,69,74,30,0,2,9,68,58,26,34,32,67,3,46,39,60,45,23,28,18,29,16,25,21,11,31,20,37,33,52,62,56,19,72,10,36,7,17,38,64,43,53,24,57,61,47,4,71,51,6,42,63,40,35,59,49,65,44,66,73,54,27,15,5,55,70,13,12,14,1,50,41;7.0226e+06;152180
GeneticAlgorithmDouble;data/FIS100-0.txt;100;75,29,77,58,15,23,33,93,1,10,2,39,53,72,36,34,96,42,20,21,6,60,24,7,19,3,43,49,80,25,71,12,16,74,87,48,27,98,90,91,57,79,97,5,45,18,94,54,8,65,32,4,41,51,61,76,47,31,26,46,68,95,14,63,67,82,99,81,59,92,55,50,89,64,9,85,84,11,35,17,78,22,86,52,83,38,40,56,30,13,73,69,88,62,28,44,66,37,0,70;9.53877e+06;187133
GeneticAlgorithmDouble;data/FIS100-1.txt;100;26,65,94,76,35,2,88,19,57,22,62,90,8,54,56,52,86,98,40,82,58,50,6,77,71,61,89,69,85,60,78,41,14,25,37,27,43,81,51,47,39,34,44,83,72,36,1,21,0,13,28,7,99,49,96,10,53,12,24,59,66,4,91,74,45,5,15,68,75,18,97,33,64,17,3,32,93,73,16,23,9,84,67,70,20,92,29,95,42,48,80,55,38,63,46,11,79,31,87,30;9.78752e+06;195876
GeneticAlgorithmDouble;data/FIS100-2.txt;100;2,35,11,51,80,76,69,99,62,84,47,74,15,77,88,64,85,22,57,9,33,17,37,19,48,34,70,78,60,5,93,25,28,0,45,81,30,4,21,71,92,39,66,98,83,6,68,1,73,89,29,49,40,58,32,96,65,90,63,82,55,52,12,42,86,38,72,27,67,50,14,44,75,31,46,41,61,23,56,53,59,24,94,16,97,26,79,13,7,87,8,36,10,95,91,43,54,18,20,3;9.88202e+06;202566
GeneticAlgorithmDouble;data/FIS100-3.txt;100;93,41,44,60,66,35,57,95,96,70,40,77,3,45,38,61,88,14,12,67,52,76,80,10,98,2,79,36,1,63,72,83,20,85,55,7,84,25,11,92,90,99,91,4,50,56,6,51,81,28,78,17,39,48,74,32,42,46,37,64,5,49,87,29,22,26,27,58,86,71,13,89,0,69,33,73,31,16,54,18,30,8,82,94,59,21,15,68,47,24,23,19,62,34,75,53,65,43,9,97;9.76188e+06;199251
GeneticAlgorithmDouble;data/FIS100-4.txt;100;85,35,17,44,62,92,90,89,55,2,15,1,18,3,76,11,20,78,59,27,65,6,80,72,47,16,58,69,68,73,77,87,36,88,61,38,8,46,98,33,4,75,66,41,64,26,0,22,91,48,95,29,51,81,49,94,71,5,28,83,10,23,84,86,97,50,32,21,31,54,96,60,63,7,45,34,52,57,67,56,25,74,99,53,93,79,30,13,40,12,37,82,14,43,19,42,9,39,24,70;1.00213e+07;188997
NearestNeighborhood;data/FIS5-0.txt;5;4,3,0,1,2;0;23748
NearestNeighborhood;data/FIS5-1.txt;5;2,0,1,3,4;0;23340
NearestNeighborhood;data/FIS5-2.txt;5;3,0,2,1,4;0;16085
NearestNeighborhood;data/FIS5-3.txt;5;1,2,4,3,0;0;26660
NearestNeighborhood;data/FIS5-4.txt;5;2,3,4,0,1;0;20802
NearestNeighborhood;data/FIS6-0.txt;6;2,5,3,4,0,1;0;15576
NearestNeighborhood;data/FIS6-1.txt;6;2,5,4,3,1,0;0;23008
NearestNeighborhood;data/FIS6-2.txt;6;2,0,5,4,1,3;0;28953
NearestNeighborhood;data/FIS6-3.txt;6;1,0,2,4,5,3;0;15966
NearestNeighborhood;data/FIS6-4.txt;6;4,2,0,5,3,1;0;18820
NearestNeighborhood;data/FIS7-0.txt;7;3,0,1,4,2,6,5;0;25162
NearestNeighborhood;data/FIS7-1.txt;7;1,0,2,6,3,4,5;0;26044
NearestNeighborhood;data/FIS7-2.txt;7;5,6,4,2,1,3,0;0;11414
NearestNeighborhood;data/FIS7-3.txt;7;2,0,1,6,4,5,3;0;28154
NearestNeighborhood;data/FIS7-4.txt;7;3,1,4,2,6,5,0;0;32022
NearestNeighborhood;data/FIS8-0.txt;8;5,3,0,7,1,2,6,4;0;20047
NearestNeighborhood;data/FIS8-1.txt;8;7,6,2,5,1,4,0,3;0;26583
NearestNeighborhood;data/FIS8-2.txt;8;7,5,6,1,3,0,4,2;0;12652
NearestNeighborhood;data/FIS8-3.txt;8;4,3,0,6,2,7,1,5;0;31777
NearestNeighborhood;data/FIS8-4.txt;8;0,2,4,6,5,1,3,7;0;20972
NearestNeighborhood;data/FIS9-0.txt;9;0,4,5,6,1,3,2,7,8;0;19211
NearestNeighborhood;data/FIS9-1.txt;9;6,0,1,3,2,7,5,8,4;0;26092
NearestNeighborhood;data/FIS9-2.txt;9;8,3,2,1,0,7,5,4,6;0;30088
NearestNeighborhood;data/FIS9-3.txt;9;8,7,0,1,3,5,6,4,2;0;25015
NearestNeighborhood;data/FIS9-4.txt;9;3,8,6,7,2,5,0,4,1;0;20505
NearestNeighborhood;data/FIS10-0.txt;10;2,4,5,7,6,8,3,0,1,9;0;22741
NearestNeighborhood;data/FIS10-1.txt;10;3,0,2,5,4,9,6,8,1,7;0;32502
NearestNeighborhood;data/FIS10-2.txt;10;0,1,5,7,9,8,4,3,2,6;0;26722
NearestNeighborhood;data/FIS10-3.txt;10;1,0,2,4,3,6,8,7,9,5;0;18313
NearestNeighborhood;data/FIS10-4.txt;10;7,1,2,8,6,9,5,3,0,4;0;20887
NearestNeighborhood;data/FIS11-0.txt;11;2,10,8,6,1,0,4,3,7,5,9;0;30269
NearestNeighborhood;data/FIS11-1.txt;11;9,10,0,8,1,2,4,3,5,7,6;0;42037
NearestNeighborhood;data/FIS11-2.txt;11;0,10,9,8,4,2,3,5,6,7,1;0;36921
NearestNeighborhood;data/FIS11-3.txt;11;0,1,2,6,7,5,8,10,3,4,9;0;30650
NearestNeighborhood;data/FIS11-4.txt;11;9,1,8,4,0,3,5,7,10,2,6;0;28576
NearestNeighborhood;data/FIS12-0.txt;12;6,2,3,10,8,11,9,1,4,0,7,5;0;32092
NearestNeighborhood;data/FIS12-1.txt;12;2,10,6,11,9,5,8,3,0,1,7,4;0;34249
NearestNeighborhood;data/FIS12-2.txt;12;1,9,0,6,2,8,7,10,11,4,5,3;0;30916
NearestNeighborhood;data/FIS12-3.txt;12;4,7,5,9,10,6,3,1,2,11,8,0;0;24067
NearestNeighborhood;data/FIS12-4.txt;12;3,9,6,10,7,1,4,5,11,8,2,0;0;33877
NearestNeighborhood;data/FIS13-0.txt;13;1,6,7,11,8,9,2,0,4,12,10,3,5;0;41706
NearestNeighborhood;data/FIS13-1.txt;13;8,11,7,1,4,0,12,5,10,9,2,6,3;0;37462
NearestNeighborhood;data/FIS13-2.txt;13;3,4,8,9,10,12,11,1,6,0,2,7,5;0;30796
NearestNeighborhood;data/FIS13-3.txt;13;0,8,10,9,4,3,2,7,11,12,1,5,6;0;34267
NearestNeighborhood;data/FIS13-4.txt;13;3,0,1,4,10,7,12,8,2,5,6,11,9;0;30161
NearestNeighborhood;data/FIS14-0.txt;14;13,1,3,7,10,12,11,0,5,8,9,6,4,2;0;35777
NearestNeighborhood;data/FIS14-1.txt;14;0,12,1,13,10,6,8,11,9,7,5,4,2,3;0;44642
NearestNeighborhood;data/FIS14-2.txt;14;9,3,1,0,4,12,13,2,7,11,8,10,5,6;0;31066
NearestNeighborhood;data/FIS14-3.txt;14;3,12,10,13,1,2,4,7,5,8,6,11,9,0;0;34227
NearestNeighborhood;data/FIS14-4.txt;14;13,1,5,0,8,4,7,3,2,12,11,6,9,10;0;35876
NearestNeighborhood;data/FIS50-0.txt;50;14,48,31,36,10,25,23,38,44,41,45,28,17,22,7,4,1,2,20,8,47,35,49,39,43,0,19,11,42,30,34,3,33,5,29,6,40,26,21,9,12,37,32,46,24,13,16,27,18,15;2;55603
NearestNeighborhood;data/FIS50-1.txt;50;18,41,47,49,48,20,39,0,4,24,43,38,44,40,26,23,25,14,1,12,31,42,37,46,33,3,16,29,45,6,15,2,5,36,27,28,13,8,11,7,10,32,35,34,21,9,19,22,17,30;2;81189
NearestNeighborhood;data/FIS50-2.txt;50;11,8,23,30,38,44,46,45,21,16,3,15,29,47,48,0,34,9,43,17,6,4,1,2,33,7,35,10,36,14,41,19,25,18,5,12,26,37,39,49,28,31,22,24,20,13,32,27,40,42;2;75268
NearestNeighborhood;data/FIS50-3.txt;50;24,48,47,0,13,34,20,44,39,45,40,19,43,33,46,35,5,6,1,4,36,21,27,3,14,16,32,26,49,38,28,9,11,8,23,29,17,22,10,15,18,30,37,31,41,7,25,42,12,2;2;68922
NearestNeighborhood;data/FIS50-4.txt;50;49,32,35,25,7,24,0,22,30,26,40,17,5,14,1,21,27,47,45,10,41,4,19,3,6,37,48,38,44,23,15,20,2,42,28,43,12,33,8,18,46,29,11,36,31,39,13,16,9,34;2;58914
NearestNeighborhood;data/FIS75-0.txt;75;68,0,23,70,61,72,5,33,2,10,1,3,41,44,57,45,73,66,74,55,25,9,11,51,27,58,69,62,56,49,36,12,29,4,8,24,42,43,67,63,40,16,30,13,15,6,35,37,52,50,53,60,71,65,32,22,20,19,59,38,64,47,17,46,7,28,31,39,54,34,21,26,48,14,18;7;105107
NearestNeighborhood;data/FIS75-1.txt;75;6,11,74,29,47,21,18,2,10,0,66,20,36,13,8,12,3,4,32,14,54,37,73,38,49,1,41,70,69,71,72,26,28,17,27,16,61,35,65,51,33,5,57,67,42,59,19,22,9,7,62,23,31,15,24,40,55,52,39,30,34,58,45,64,68,48,25,43,63,60,50,56,46,53,44;10;91619
NearestNeighborhood;data/FIS75-2.txt;75;27,10,41,23,51,24,54,64,63,67,65,70,72,74,73,21,33,2,29,1,17,26,66,57,37,14,31,47,58,53,61,68,71,34,3,20,35,69,36,13,28,9,25,4,0,7,40,43,56,48,60,59,22,45,12,19,5,32,11,8,16,15,18,39,38,50,44,62,52,6,46,49,55,42,30;9;84164
NearestNeighborhood;data/FIS75-3.txt;75;65,20,57,10,8,3,31,66,68,71,72,69,35,62,1,28,0,5,11,58,49,67,53,22,19,17,14,15,4,2,6,7,16,48,73,56,74,61,54,41,12,27,9,23,63,32,64,29,70,36,38,13,52,33,59,43,46,30,18,21,60,44,55,40,25,37,24,45,51,47,26,39,34,42,50;8;86513
NearestNeighborhood;data/FIS75-4.txt;75;38,35,27,6,26,0,58,57,60,61,65,72,67,73,66,33,24,23,12,8,1,47,17,54,53,69,52,49,22,37,19,70,43,64,3,59,2,41,21,63,28,68,32,74,42,44,40,5,25,4,11,10,15,13,7,16,29,18,48,71,51,56,20,31,45,50,9,34,30,39,46,62,14,36,55;7;108833
NearestNeighborhood;data/FIS100-0.txt;100;26,17,61,87,97,90,98,30,4,16,0,13,34,27,55,47,82,74,96,75,28,37,14,42,23,79,43,95,94,31,92,24,19,15,1,3,7,65,57,91,12,70,2,52,59,89,63,93,71,99,76,86,21,32,66,50,84,68,85,45,58,35,54,22,51,6,10,5,72,9,83,25,39,20,18,11,62,64,77,29,36,8,78,40,88,67,38,60,49,69,53,80,48,56,33,41,81,46,73,44;20;99074
NearestNeighborhood;data/FIS100-1.txt;100;65,94,78,95,96,98,99,51,63,14,31,12,9,7,1,0,21,74,70,77,90,79,91,38,56,32,3,80,73,93,86,50,81,41,6,27,2,15,48,57,53,89,55,97,71,49,5,18,4,64,34,30,16,19,10,35,39,92,85,25,26,23,20,13,8,82,42,68,24,60,17,59,11,29,66,88,67,62,52,36,46,33,43,37,87,58,47,44,40,45,83,75,84,72,61,69,28,54,22,76;18;113725
NearestNeighborhood;data/FIS100-2.txt;100;90,89,92,95,93,99,49,26,4,7,0,1,10,45,75,55,86,39,60,24,50,15,22,11,17,5,12,36,62,97,74,73,30,64,25,41,18,83,61,85,94,91,88,2,47,71,96,78,42,38,28,76,53,79,68,44,65,8,6,57,59,66,98,84,67,19,51,9,70,31,87,80,58,34,48,13,14,3,40,72,69,54,52,63,46,20,35,16,32,37,56,77,81,82,21,33,23,43,29,27;26;105615
NearestNeighborhood;data/FIS100-3.txt;100;67,0,31,23,68,45,89,72,99,73,35,47,76,77,86,95,90,97,92,42,53,5,49,3,18,1,11,98,83,96,51,16,14,12,4,10,32,22,61,34,78,70,85,79,94,93,74,55,69,21,15,6,13,2,8,25,91,59,46,30,9,28,7,19,62,80,75,87,43,54,26,84,71,88,81,29,52,17,27,64,63,57,65,82,24,36,20,38,37,48,50,56,66,58,60,44,39,41,33,40;22;121754
NearestNeighborhood;data/FIS100-4.txt;100;89,98,81,62,11,23,50,49,88,96,60,82,32,41,2,5,1,3,64,27,71,36,87,53,95,83,18,56,46,92,84,93,90,97,54,68,29,0,22,43,76,75,91,94,99,39,24,9,13,35,86,48,4,40,66,80,67,85,77,57,52,15,10,33,63,34,70,42,78,51,79,55,14,26,17,44,59,61,69,28,45,12,8,25,74,31,65,20,58,7,47,16,72,73,6,30,37,21,19,38;20;98310
CheapestInsertion;data/FIS5-0.txt;5;1,4,3,0,2;0;18430
CheapestInsertion;data/FIS5-1.txt;5;0,2,1,4,3;0;30754
CheapestInsertion;data/FIS5-2.txt;5;2,3,0,4,1;0;20807
CheapestInsertion;data/FIS5-3.txt;5;1,4,2,3,0;0;21245
CheapestInsertion;data/FIS5-4.txt;5;2,3,4,0,1;0;20802
CheapestInsertion;data/FIS6-0.txt;6;0,5,1,4,3,2;0;28690
CheapestInsertion;data/FIS6-1.txt;6;0,5,4,3,1,2;0;25586
CheapestInsertion;data/FIS6-2.txt;6;2,3,5,0,1,4;0;31018
CheapestInsertion;data/FIS6-3.txt;6;2,4,0,1,3,5;0;24433
CheapestInsertion;data/FIS6-4.txt;6;0,5,3,1,4,2;0;18820
CheapestInsertion;data/FIS7-0.txt;7;1,3,0,4,2,5,6;0;28942
CheapestInsertion;data/FIS7-1.txt;7;1,4,5,2,6,3,0;0;24388
CheapestInsertion;data/FIS7-2.txt;7;3,5,4,0,1,2,6;0;30373
CheapestInsertion;data/FIS7-3.txt;7;2,5,4,6,0,1,3;0;34224
CheapestInsertion;data/FIS7-4.txt;7;1,3,4,6,2,5,0;0;24395
CheapestInsertion;data/FIS8-0.txt;8;2,6,3,5,1,0,4,7;0;29877
CheapestInsertion;data/FIS8-1.txt;8;2,6,5,7,1,0,3,4;0;25815
CheapestInsertion;data/FIS8-2.txt;8;1,3,0,4,7,6,5,2;0;26472
CheapestInsertion;data/FIS8-3.txt;8;2,5,3,4,1,0,6,7;0;24758
CheapestInsertion;data/FIS8-4.txt;8;2,4,3,0,7,1,6,5;0;22078
CheapestInsertion;data/FIS9-0.txt;9;0,4,5,6,1,3,2,8,7;0;24015
CheapestInsertion;data/FIS9-1.txt;9;0,3,1,7,6,8,4,5,2;0;31391
CheapestInsertion;data/FIS9-2.txt;9;0,7,5,8,3,2,1,6,4;0;32074
CheapestInsertion;data/FIS9-3.txt;9;0,7,1,4,8,5,3,2,6;0;26290
CheapestInsertion;data/FIS9-4.txt;9;3,6,8,7,2,4,1,0,5;0;40785
CheapestInsertion;data/FIS10-0.txt;10;2,8,6,4,1,7,3,9,0,5;0;28670
CheapestInsertion;data/FIS10-1.txt;10;2,3,5,6,4,0,9,8,7,1;0;44611
CheapestInsertion;data/FIS10-2.txt;10;0,3,1,5,4,6,2,7,8,9;0;48211
CheapestInsertion;data/FIS10-3.txt;10;3,6,4,2,0,1,5,9,7,8;0;27899
CheapestInsertion;data/FIS10-4.txt;10;2,8,9,1,5,6,0,4,7,3;0;29194
CheapestInsertion;data/FIS11-0.txt;11;0,4,2,1,8,3,9,6,10,7,5;0;53208
CheapestInsertion;data/FIS11-1.txt;11;1,5,0,2,9,8,4,7,6,10,3;0;42320
CheapestInsertion;data/FIS11-2.txt;11;4,8,7,3,2,6,0,10,5,1,9;0;41320
CheapestInsertion;data/FIS11-3.txt;11;2,5,3,10,0,1,6,4,9,7,8;0;44996
CheapestInsertion;data/FIS11-4.txt;11;0,4,1,3,2,9,6,5,7,8,10;0;45177
CheapestInsertion;data/FIS12-0.txt;12;6,11,2,8,3,4,1,5,7,10,9,0;0;55884
CheapestInsertion;data/FIS12-1.txt;12;0,3,1,10,2,8,7,6,4,5,9,11;0;41579
CheapestInsertion;data/FIS12-2.txt;12;0,9,1,3,2,8,10,7,5,6,4,11;0;40951
CheapestInsertion;data/FIS12-3.txt;12;5,7,1,3,8,9,11,2,6,0,10,4;0;34200
CheapestInsertion;data/FIS12-4.txt;12;3,7,1,9,6,10,4,11,0,2,8,5;0;36761
CheapestInsertion;data/FIS13-0.txt;13;1,9,6,7,10,0,4,8,5,3,2,12,11;0;48959
CheapestInsertion;data/FIS13-1.txt;13;7,10,9,1,5,3,6,8,11,4,2,0,12;0;41239
CheapestInsertion;data/FIS13-2.txt;13;4,8,3,1,2,11,5,7,0,6,10,9,12;0;50358
CheapestInsertion;data/FIS13-3.txt;13;2,7,3,1,6,12,0,9,4,5,11,8,10;0;56645
CheapestInsertion;data/FIS13-4.txt;13;4,10,1,2,6,3,0,11,9,5,8,7,12;0;46112
CheapestInsertion;data/FIS14-0.txt;14;7,10,9,2,3,1,5,8,6,12,4,0,13,11;0;49073
CheapestInsertion;data/FIS14-1.txt;14;0,12,4,13,9,10,6,8,7,5,1,3,11,2;0;40299
CheapestInsertion;data/FIS14-2.txt;14;3,9,8,4,0,1,7,12,13,2,5,10,6,11;0;45256
CheapestInsertion;data/FIS14-3.txt;14;3,9,4,2,6,8,5,7,0,1,12,13,10,11;0;43400
CheapestInsertion;data/FIS14-4.txt;14;1,13,2,5,7,8,0,4,12,3,6,11,10,9;0;44502
CheapestInsertion;data/FIS50-0.txt;50;17,28,22,7,8,11,24,19,16,5,2,42,6,26,4,9,14,40,49,27,10,25,21,43,0,29,38,23,13,35,48,15,12,37,45,3,46,20,36,33,18,32,30,1,41,39,47,34,44,31;5;117238
CheapestInsertion;data/FIS50-1.txt;50;27,28,31,34,48,40,35,32,33,10,30,47,2,6,37,16,45,29,43,14,36,44,38,39,23,25,5,49,21,1,46,11,15,7,18,42,41,17,19,24,20,26,22,4,0,9,3,13,12,8;5;123120
CheapestInsertion;data/FIS50-2.txt;50;11,19,14,45,8,13,10,15,24,16,20,6,4,1,49,28,0,2,23,43,17,48,21,34,5,7,31,25,30,22,9,33,32,12,18,26,27,41,46,39,37,29,3,36,42,47,38,40,44,35;5;119242
CheapestInsertion;data/FIS50-3.txt;50;17,29,9,22,25,43,16,15,7,48,39,26,0,3,20,1,12,2,23,42,11,14,45,24,4,27,21,36,5,35,28,10,19,40,8,30,44,31,37,6,46,18,34,13,41,49,33,32,47,38;5;101740
CheapestInsertion;data/FIS50-4.txt;50;7,45,16,2,20,22,0,24,13,42,32,25,41,19,11,5,8,1,12,26,29,37,30,4,14,27,21,23,15,47,44,33,36,28,10,39,3,48,18,6,9,31,49,35,17,40,34,38,43,46;7;106136
CheapestInsertion;data/FIS75-0.txt;75;25,55,49,37,35,6,9,26,3,24,18,28,5,20,21,50,8,0,10,13,54,29,48,12,4,68,19,45,7,36,23,38,59,11,46,52,51,16,40,53,22,33,17,31,30,1,43,15,58,27,32,41,39,61,44,34,57,14,47,2,42,73,66,60,62,56,70,67,63,64,72,69,74,65,71;14;143766
CheapestInsertion;data/FIS75-1.txt;75;6,63,54,14,32,4,26,28,17,27,16,11,5,47,53,2,18,55,51,34,45,33,8,21,7,62,24,59,13,48,10,36,9,35,3,60,22,46,67,39,40,25,30,20,0,42,31,12,38,50,15,49,69,71,57,64,68,73,37,1,58,52,66,43,56,29,74,19,44,70,23,41,61,72,65;16;146934
CheapestInsertion;data/FIS75-2.txt;75;14,37,32,19,22,24,13,31,28,20,18,15,16,10,34,23,61,33,49,0,7,21,42,3,6,35,1,27,5,70,26,17,9,59,67,30,40,25,4,58,46,47,2,63,11,51,53,36,41,68,39,57,74,44,69,12,72,66,52,62,29,60,8,71,38,43,73,65,48,56,45,55,54,50,64;17;147683
CheapestInsertion;data/FIS75-3.txt;75;5,65,67,15,26,39,6,32,23,29,0,36,47,74,33,11,12,68,25,60,17,20,13,19,72,18,43,1,37,51,16,44,4,38,53,45,22,28,63,24,50,2,35,34,61,42,40,55,14,41,7,21,59,62,52,56,30,10,8,46,3,9,71,70,49,58,27,69,54,57,48,31,66,64,73;13;136373
CheapestInsertion;data/FIS75-4.txt;75;33,66,51,4,1,13,24,34,21,6,27,20,31,48,36,9,19,55,40,52,22,37,18,29,45,35,3,11,10,59,0,39,47,16,53,58,14,23,30,61,65,42,57,7,8,12,60,62,25,68,46,72,44,32,74,71,67,15,54,5,64,50,49,38,17,63,28,73,26,2,56,41,70,43,69;12;142539
CheapestInsertion;data/FIS100-0.txt;100;24,92,60,6,30,42,43,20,12,78,10,47,45,21,17,61,51,41,4,40,56,90,74,46,26,35,8,9,19,65,29,31,0,22,66,44,50,55,70,16,1,89,13,86,72,11,7,68,85,3,69,88,81,32,76,2,97,77,53,39,34,36,23,64,83,38,75,28,67,18,14,93,48,57,91,15,62,71,58,25,27,98,73,94,95,49,80,82,63,79,52,54,5,87,84,96,37,59,33,99;37;161327
CheapestInsertion;data/FIS100-1.txt;100;12,31,23,9,22,2,25,13,24,59,6,7,16,57,93,47,55,27,29,15,28,1,19,0,17,84,38,56,32,37,11,46,63,98,26,30,64,91,43,90,36,53,10,21,94,65,78,51,4,88,92,42,20,18,3,14,48,96,44,69,86,61,60,72,5,80,73,81,85,8,54,67,83,35,70,58,33,50,77,66,87,74,99,71,75,52,49,76,89,39,68,34,45,62,41,97,95,79,82,40;31;176443
CheapestInsertion;data/FIS100-2.txt;100;88,90,38,64,54,71,72,52,39,62,49,87,45,3,2,77,35,89,6,1,11,51,13,60,78,28,83,98,91,96,9,69,58,80,66,99,10,50,67,41,29,30,15,31,46,59,56,8,84,26,97,23,4,12,43,73,74,76,27,57,18,20,37,93,55,44,47,63,48,92,86,24,33,0,65,42,79,94,85,22,21,61,36,81,40,82,53,68,7,14,17,25,75,70,16,95,34,32,19,5;33;152235
CheapestInsertion;data/FIS100-3.txt;100;5,72,40,6,13,0,43,22,49,41,64,63,42,60,34,57,1,19,23,48,9,31,2,69,28,58,16,37,66,45,11,71,51,62,36,27,26,18,14,10,53,75,15,65,70,61,54,21,47,76,32,67,24,30,7,95,59,46,50,29,38,55,82,96,83,33,35,3,52,17,68,44,56,8,39,4,91,94,98,74,12,99,86,77,73,20,25,85,88,87,81,93,84,80,79,89,97,92,78,90;32;167847
CheapestInsertion;data/FIS100-4.txt;100;7,87,75,84,22,58,2,70,42,9,27,5,31,68,54,79,50,15,40,12,38,11,62,34,52,19,4,45,82,32,77,14,63,8,56,55,26,29,18,3,44,37,39,24,13,20,10,99,94,71,48,6,73,72,17,67,16,47,51,76,41,53,85,49,66,36,57,25,46,21,43,28,23,1,80,64,59,69,91,90,78,86,35,96,60,83,98,89,88,61,30,0,33,74,81,65,93,97,92,95;37;136030
GeneticImproved;data/FIS5-0.txt;5;2,0,3,4,1;431381;18430
GeneticImproved;data/FIS5-1.txt;5;0,1,3,2,4;433053;22351
GeneticImproved;data/FIS5-2.txt;5;3,0,1,4,2;432343;15356
GeneticImproved;data/FIS5-3.txt;5;0,3,2,4,1;427734;21245
GeneticImproved;data/FIS5-4.txt;5;2,3,4,1,0;424741;19418
GeneticImproved;data/FIS6-0.txt;6;1,2,5,3,4,0;435271;15576
GeneticImproved;data/FIS6-1.txt;6;3,2,4,5,0,1;435334;19436
GeneticImproved;data/FIS6-2.txt;6;4,5,3,2,0,1;446674;23991
GeneticImproved;data/FIS6-3.txt;6;0,2,4,1,3,5;450805;13819
GeneticImproved;data/FIS6-4.txt;6;3,1,2,4,0,5;430681;16139
GeneticImproved;data/FIS7-0.txt;7;3,1,4,2,5,0,6;443232;16355
GeneticImproved;data/FIS7-1.txt;7;1,6,2,0,3,5,4;442825;20251
GeneticImproved;data/FIS7-2.txt;7;2,1,3,4,6,5,0;447342;8243
GeneticImproved;data/FIS7-3.txt;7;3,0,2,5,4,6,1;451522;19494
GeneticImproved;data/FIS7-4.txt;7;5,0,1,3,4,6,2;452903;24395
GeneticImproved;data/FIS8-0.txt;8;1,6,4,7,0,3,5,2;464806;19668
GeneticImproved;data/FIS8-1.txt;8;6,3,0,7,1,2,4,5;455579;17845
GeneticImproved;data/FIS8-2.txt;8;4,0,3,1,6,5,7,2;459856;12652
GeneticImproved;data/FIS8-3.txt;8;3,4,1,2,5,7,6,0;450614;15018
GeneticImproved;data/FIS8-4.txt;8;1,3,7,0,5,6,4,2;470834;19030
GeneticImproved;data/FIS9-0.txt;9;0,8,7,2,3,1,6,5,4;480433;19211
GeneticImproved;data/FIS9-1.txt;9;6,0,3,2,5,4,8,7,1;479513;25376
GeneticImproved;data/FIS9-2.txt;9;7,5,1,8,6,4,3,2,0;462041;29033
GeneticImproved;data/FIS9-3.txt;9;5,3,1,0,7,2,8,4,6;461492;17895
GeneticImproved;data/FIS9-4.txt;9;2,7,4,1,0,5,8,3,6;476572;18675
GeneticImproved;data/FIS10-0.txt;10;8,2,4,5,9,3,0,1,7,6;491924;17971
GeneticImproved;data/FIS10-1.txt;10;2,4,0,3,8,6,9,1,7,5;488303;19192
GeneticImproved;data/FIS10-2.txt;10;4,6,2,3,0,1,5,7,9,8;494638;22022
GeneticImproved;data/FIS10-3.txt;10;3,9,5,1,7,6,8,0,2,4;495383;14404
GeneticImproved;data/FIS10-4.txt;10;6,5,2,1,9,8,3,7,0,4;491871;15170
GeneticImproved;data/FIS11-0.txt;11;0,4,3,7,10,8,6,1,9,5,2;508827;19179
GeneticImproved;data/FIS11-1.txt;11;4,8,10,6,9,3,7,0,2,1,5;489569;22379
GeneticImproved;data/FIS11-2.txt;11;3,1,5,2,10,0,9,6,4,8,7;502155;23672
GeneticImproved;data/FIS11-3.txt;11;3,2,5,8,7,9,4,1,6,0,10;512008;23243
GeneticImproved;data/FIS11-4.txt;11;10,7,5,3,2,1,0,4,6,9,8;512980;20913
GeneticImproved;data/FIS12-0.txt;12;8,7,5,6,11,9,1,4,0,2,3,10;521102;23875
GeneticImproved;data/FIS12-1.txt;12;8,5,9,11,6,10,4,1,0,3,2,7;519942;25024
GeneticImproved;data/FIS12-2.txt;12;1,9,0,10,7,8,2,3,5,4,6,11;533431;28677
GeneticImproved;data/FIS12-3.txt;12;10,0,6,2,11,4,7,1,3,8,5,9;516759;19391
GeneticImproved;data/FIS12-4.txt;12;6,8,2,0,11,4,5,9,3,1,7,10;516042;24669
GeneticImproved;data/FIS13-0.txt;13;0,3,10,4,12,11,7,5,6,1,9,2,8;533134;21813
GeneticImproved;data/FIS13-1.txt;13;7,10,9,2,4,11,8,6,0,3,12,5,1;541221;27120
GeneticImproved;data/FIS13-2.txt;13;5,11,12,3,4,8,9,10,6,0,1,2,7;567738;22463
GeneticImproved;data/FIS13-3.txt;13;2,3,6,12,1,4,10,0,8,5,9,11,7;514903;16817
GeneticImproved;data/FIS13-4.txt;13;0,1,8,5,9,11,12,7,10,4,2,6,3;508626;18826
GeneticImproved;data/FIS14-0.txt;14;4,0,11,13,10,7,3,1,2,12,9,8,5,6;520650;24042
GeneticImproved;data/FIS14-1.txt;14;3,9,13,4,0,12,8,6,10,7,11,2,5,1;519293;31600
GeneticImproved;data/FIS14-2.txt;14;5,9,3,1,0,4,12,13,2,6,7,11,8,10;519501;25265
GeneticImproved;data/FIS14-3.txt;14;2,1,11,4,13,10,12,9,3,7,0,5,8,6;525594;22374
GeneticImproved;data/FIS14-4.txt;14;8,4,10,3,9,7,5,2,13,1,12,11,6,0;546291;27364
GeneticImproved;data/FIS50-0.txt;50;43,21,39,13,9,10,2,31,48,14,12,8,44,34,4,23,1,0,3,45,30,36,19,28,16,17,26,27,20,41,22,35,11,24,47,42,38,29,25,18,15,49,5,46,37,33,32,6,40,7;1.01388e+06;60082
GeneticImproved;data/FIS50-1.txt;50;8,41,22,44,47,49,48,5,43,10,40,0,1,2,31,27,28,13,6,37,33,46,20,23,9,21,34,29,45,14,36,42,35,15,7,17,24,18,30,26,32,19,12,11,25,39,38,3,16,4;1.01838e+06;52283
GeneticImproved;data/FIS50-2.txt;50;1,49,45,9,34,3,15,10,29,14,11,8,41,44,48,42,46,35,43,31,33,2,18,13,32,28,0,25,23,30,39,22,12,19,38,47,37,40,6,5,7,24,27,4,20,16,21,26,36,17;1.01625e+06;56322
GeneticImproved;data/FIS50-3.txt;50;7,38,47,16,14,12,15,18,30,37,44,33,43,29,27,41,28,45,24,48,26,49,34,25,35,42,46,36,4,22,17,39,10,19,40,3,0,11,1,20,31,21,32,23,8,9,5,13,2,6;1.0141e+06;52687
GeneticImproved;data/FIS50-4.txt;50;38,1,14,9,35,32,10,21,40,26,30,4,22,41,36,28,12,25,23,8,5,17,42,31,49,11,3,44,19,15,18,6,43,39,13,16,7,45,47,24,27,20,2,33,34,46,29,0,37,48;1.02549e+06;61378
GeneticImproved;data/FIS75-0.txt;75;13,19,51,27,67,29,50,16,49,36,73,45,65,1,33,56,2,52,30,59,55,15,3,20,66,4,11,21,23,26,38,57,14,12,54,18,60,72,17,24,5,46,8,64,47,70,63,31,41,39,61,7,25,0,68,42,53,40,74,28,6,9,32,22,58,48,71,37,43,10,34,44,35,69,62;1.35974e+06;88739
GeneticImproved;data/FIS75-1.txt;75;15,50,57,67,42,35,21,25,17,28,26,45,41,52,39,40,8,43,73,18,55,1,2,53,6,11,74,27,46,4,3,54,66,47,34,24,61,62,36,20,60,56,22,37,9,31,16,64,59,69,49,29,58,70,72,14,38,10,0,5,33,48,71,63,68,23,7,32,30,44,51,65,19,12,13;1.36057e+06;83272
GeneticImproved;data/FIS75-2.txt;75;48,26,28,74,53,72,31,13,54,43,71,22,68,7,40,17,60,50,15,16,6,3,8,32,66,57,51,23,35,58,65,52,34,45,46,42,44,24,38,18,73,11,4,25,47,49,55,9,5,0,30,67,59,21,19,1,37,64,39,70,56,62,41,2,63,12,69,36,20,14,61,33,29,10,27;1.36135e+06;71067
GeneticImproved;data/FIS75-3.txt;75;41,50,22,28,39,5,51,38,55,40,65,33,54,25,0,18,66,44,73,71,19,48,29,70,59,20,56,1,43,15,47,37,60,24,26,42,58,69,35,61,16,9,3,46,17,11,4,63,32,64,7,6,2,27,45,30,72,10,8,36,52,31,21,12,62,74,57,68,34,13,23,14,49,67,53;1.36471e+06;80021
GeneticImproved;data/FIS75-4.txt;75;70,39,52,69,55,54,24,27,6,26,51,71,4,66,72,59,10,58,13,25,40,22,34,8,7,16,18,46,49,65,15,67,61,68,63,48,62,38,50,64,31,33,14,44,56,73,32,23,28,36,60,57,3,41,12,43,5,11,37,19,42,29,45,30,0,2,21,47,74,9,20,1,35,17,53;1.36395e+06;87463
GeneticImproved;data/FIS100-0.txt;100;93,22,86,21,18,89,59,52,41,61,63,9,24,85,68,49,35,31,4,16,0,99,76,94,73,75,84,11,51,30,60,92,91,7,40,12,81,88,78,27,13,34,46,47,83,5,56,14,95,25,8,36,29,38,67,90,69,98,3,19,17,87,50,62,15,2,58,72,80,42,77,6,55,10,65,32,82,70,23,33,28,39,43,74,96,97,37,64,44,66,26,48,45,53,54,57,79,1,71,20;1.69132e+06;96844
GeneticImproved;data/FIS100-1.txt;100;42,80,73,74,28,65,94,48,77,47,58,10,63,62,34,7,71,93,91,72,1,6,41,97,25,81,23,27,11,5,49,66,70,68,54,64,4,51,40,19,82,55,87,0,29,39,35,9,12,43,37,59,44,90,75,85,18,46,96,61,60,50,8,52,86,92,17,36,13,69,33,24,15,76,78,95,99,89,53,3,83,67,84,14,88,2,22,32,56,38,45,30,16,21,79,31,57,98,26,20;1.70224e+06;113044
GeneticImproved;data/FIS100-2.txt;100;53,42,47,59,80,36,46,63,73,13,69,10,16,75,94,24,58,32,74,85,18,54,14,3,26,68,43,84,5,51,99,49,21,61,56,77,2,62,0,17,37,87,67,41,12,31,11,7,9,33,83,78,97,23,86,6,34,95,92,45,50,27,39,8,22,15,28,38,65,96,1,81,35,88,55,93,70,29,66,98,72,40,30,44,79,25,20,57,60,91,4,19,48,52,64,76,89,90,71,82;1.71653e+06;88501
GeneticImproved;data/FIS100-3.txt;100;7,13,11,22,61,27,90,55,50,4,39,80,75,95,5,76,24,88,94,59,31,46,81,73,86,99,21,47,78,34,37,44,60,12,52,17,85,40,77,26,14,8,56,32,72,89,51,66,29,15,65,43,98,48,23,33,92,91,2,53,83,96,36,38,20,25,41,79,58,84,82,71,10,69,6,67,0,70,62,57,35,54,18,1,19,28,87,49,64,30,9,16,68,74,93,97,63,42,45,3;1.69782e+06;101548
GeneticImproved;data/FIS100-4.txt;100;66,52,33,20,22,82,59,93,85,70,53,43,32,40,86,87,77,56,18,19,12,8,25,73,69,76,97,31,84,13,75,7,58,27,65,71,89,98,81,62,49,61,45,47,37,39,24,26,63,72,54,68,29,64,67,51,4,48,92,46,38,99,95,91,74,60,44,80,83,14,42,94,88,96,41,2,9,16,90,55,79,35,5,28,0,30,6,78,21,34,1,15,50,23,17,10,11,3,57,36;1.8289e+06;99384
GeneticGreedy;data/FIS5-0.txt;5;0,2,1,4,3;409134;18430
GeneticGreedy;data/FIS5-1.txt;5;3,1,0,4,2;408623;22351
GeneticGreedy;data/FIS5-2.txt;5;3,0,1,4,2;408226;15356
GeneticGreedy;data/FIS5-3.txt;5;3,0,1,4,2;408361;21245
GeneticGreedy;data/FIS5-4.txt;5;2,0,1,4,3;414543;19418
GeneticGreedy;data/FIS6-0.txt;6;4,0,1,2,5,3;429322;15576
GeneticGreedy;data/FIS6-1.txt;6;4,5,0,1,3,2;425346;19436
GeneticGreedy;data/FIS6-2.txt;6;1,0,2,3,5,4;425640;23991
GeneticGreedy;data/FIS6-3.txt;6;0,2,4,1,3,5;430106;13819
GeneticGreedy;data/FIS6-4.txt;6;4,2,1,3,5,0;424000;16139
GeneticGreedy;data/FIS7-0.txt;7;0,5,2,4,1,3,6;442044;16355
GeneticGreedy;data/FIS7-1.txt;7;4,5,3,0,2,6,1;444239;20251
GeneticGreedy;data/FIS7-2.txt;7;0,2,1,3,4,6,5;443935;8243
GeneticGreedy;data/FIS7-3.txt;7;1,3,0,2,5,4,6;447008;19494
GeneticGreedy;data/FIS7-4.txt;7;0,1,3,4,6,2,5;440918;24395
GeneticGreedy;data/FIS8-0.txt;8;7,4,6,1,2,5,3,0;454644;19668
GeneticGreedy;data/FIS8-1.txt;8;5,6,3,0,7,1,2,4;455139;17845
GeneticGreedy;data/FIS8-2.txt;8;2,7,5,6,1,3,0,4;458294;12652
GeneticGreedy;data/FIS8-3.txt;8;0,3,4,1,2,5,7,6;452910;15018
GeneticGreedy;data/FIS8-4.txt;8;2,4,6,5,0,7,3,1;455407;19030
GeneticGreedy;data/FIS9-0.txt;9;1,6,5,4,0,8,7,2,3;469240;19211
GeneticGreedy;data/FIS9-1.txt;9;8,7,1,6,0,3,2,5,4;473137;25376
GeneticGreedy;data/FIS9-2.txt;9;0,2,3,4,6,8,1,5,7;470153;29033
GeneticGreedy;data/FIS9-3.txt;9;2,8,4,6,5,3,1,0,7;470395;17895
GeneticGreedy;data/FIS9-4.txt;9;3,6,2,7,4,1,0,5,8;475808;18675
GeneticGreedy;data/FIS10-0.txt;10;7,1,0,3,9,5,4,2,8,6;485746;17971
GeneticGreedy;data/FIS10-1.txt;10;8,6,9,1,7,5,2,4,0,3;486215;19192
GeneticGreedy;data/FIS10-2.txt;10;4,6,2,3,0,1,5,7,9,8;484195;22022
GeneticGreedy;data/FIS10-3.txt;10;4,3,9,5,1,7,6,8,0,2;493528;14404
GeneticGreedy;data/FIS10-4.txt;10;3,8,9,1,2,5,6,4,0,7;485348;15170
GeneticGreedy;data/FIS11-0.txt;11;7,3,4,0,2,5,9,1,6,8,10;502142;19179
GeneticGreedy;data/FIS11-1.txt;11;6,9,3,7,0,2,1,5,4,8,10;503262;22379
GeneticGreedy;data/FIS11-2.txt;11;7,8,4,6,9,0,10,2,5,1,3;504502;23672
GeneticGreedy;data/FIS11-3.txt;11;9,7,8,5,2,3,10,0,6,1,4;502008;23243
GeneticGreedy;data/FIS11-4.txt;11;7,5,9,1,4,0,3,8,6,10,2;499641;23450
GeneticGreedy;data/FIS12-0.txt;12;1,4,0,2,3,10,8,7,5,6,11,9;512356;23875
GeneticGreedy;data/FIS12-1.txt;12;5,9,11,10,2,3,0,1,4,6,7,8;522323;25426
GeneticGreedy;data/FIS12-2.txt;12;4,5,3,2,8,7,10,0,9,1,11,6;516213;28677
GeneticGreedy;data/FIS12-3.txt;12;3,8,5,9,10,0,6,2,11,4,7,1;518779;19391
GeneticGreedy;data/FIS12-4.txt;12;1,7,10,6,5,4,8,11,0,2,3,9;517867;25957
GeneticGreedy;data/FIS13-0.txt;13;0,4,12,11,8,2,9,1,6,5,7,10,3;529537;22717
GeneticGreedy;data/FIS13-1.txt;13;9,2,0,6,8,11,4,3,12,5,1,7,10;528296;29293
GeneticGreedy;data/FIS13-2.txt;13;11,5,7,3,6,0,1,2,4,8,9,10,12;535654;27335
GeneticGreedy;data/FIS13-3.txt;13;7,2,3,6,12,1,4,10,0,8,5,9,11;531543;16817
GeneticGreedy;data/FIS13-4.txt;13;2,8,6,5,3,0,1,9,11,12,7,10,4;527990;21495
GeneticGreedy;data/FIS14-0.txt;14;10,13,11,0,4,6,9,12,2,3,1,5,8,7;548194;26691
GeneticGreedy;data/FIS14-1.txt;14;10,7,13,4,0,12,9,3,1,5,2,11,8,6;547856;32987
GeneticGreedy;data/FIS14-2.txt;14;3,9,5,10,8,12,4,1,0,6,2,13,11,7;548436;26180
GeneticGreedy;data/FIS14-3.txt;14;6,2,1,7,3,12,9,4,13,10,0,5,8,11;546742;28146
GeneticGreedy;data/FIS14-4.txt;14;13,1,12,11,6,0,8,2,5,7,9,10,4,3;545945;30272
GeneticGreedy;data/FIS50-0.txt;50;34,4,43,38,1,41,2,42,35,0,39,47,8,24,46,5,33,45,15,18,7,22,23,9,20,44,27,16,17,28,19,49,3,32,36,37,29,25,26,6,31,48,40,14,11,10,12,13,21,30;1.20548e+06;83852
GeneticGreedy;data/FIS50-1.txt;50;35,27,16,41,37,44,20,34,24,33,6,13,4,8,30,21,28,46,42,47,49,48,1,0,2,3,19,11,31,32,26,23,22,7,12,9,15,10,36,14,25,40,43,5,17,18,45,29,38,39;1.25031e+06;86022
GeneticGreedy;data/FIS50-2.txt;50;37,30,46,39,40,44,45,11,8,17,42,48,31,38,12,19,14,20,25,26,36,3,15,28,9,47,24,10,2,23,1,33,32,5,34,22,43,49,29,16,18,6,21,41,35,7,13,0,4,27;1.2667e+06;97969
GeneticGreedy;data/FIS50-3.txt;50;35,26,7,17,44,45,39,10,4,30,13,0,15,18,48,24,2,6,25,31,21,46,19,41,11,3,32,20,38,36,49,1,12,14,16,23,29,33,8,43,28,5,9,47,22,27,37,34,40,42;1.23895e+06;83538
GeneticGreedy;data/FIS50-4.txt;50;29,46,34,21,38,30,14,27,17,48,22,37,0,35,15,5,45,13,49,12,19,41,36,33,25,3,44,20,6,11,4,43,24,31,9,16,7,32,10,28,1,8,47,23,18,26,40,39,2,42;1.25305e+06;101389
GeneticGreedy;data/FIS75-0.txt;75;29,48,17,37,18,43,33,62,57,38,45,60,72,21,52,46,7,25,26,23,8,16,70,0,69,51,4,68,50,35,56,2,61,59,55,1,19,47,36,12,13,63,64,49,20,3,41,24,65,71,14,5,28,73,11,6,9,10,67,31,44,22,53,40,58,74,66,42,39,34,27,15,32,30,54;4.14192e+06;132772
GeneticGreedy;data/FIS75-1.txt;75;43,24,49,69,70,58,33,8,53,48,25,28,31,19,27,11,45,20,51,44,36,16,2,18,21,60,10,29,50,56,35,17,30,7,74,72,46,3,13,47,57,59,6,34,41,42,1,52,65,5,61,62,26,32,4,64,23,71,67,54,66,12,38,14,55,40,73,68,39,63,9,37,22,0,15;4.11292e+06;134540
GeneticGreedy;data/FIS75-2.txt;75;63,40,52,23,21,73,42,9,59,54,7,6,55,34,45,4,56,57,51,15,36,70,14,41,18,68,74,28,29,61,8,49,69,53,62,27,24,22,25,60,65,58,2,33,67,16,10,12,26,35,64,13,37,0,44,50,1,19,20,43,17,30,31,48,71,38,39,11,32,66,47,5,3,46,72;4.00383e+06;135052
GeneticGreedy;data/FIS75-3.txt;75;37,67,40,29,56,44,42,58,43,74,11,69,9,39,2,4,70,45,38,48,53,16,25,27,51,28,22,65,26,3,31,41,49,19,34,12,59,20,5,61,57,6,7,68,8,63,0,17,66,62,1,32,14,54,60,10,15,36,30,23,46,47,71,73,18,21,24,35,72,55,52,13,50,33,64;4.01947e+06;137536
GeneticGreedy;data/FIS75-4.txt;75;29,69,60,71,48,52,31,64,50,49,33,0,15,68,47,45,12,7,3,22,8,30,61,72,62,66,38,65,11,55,16,57,53,35,43,27,67,34,24,10,59,13,41,19,42,74,6,14,21,54,5,9,70,40,36,39,2,25,73,4,17,32,46,18,20,1,23,28,51,26,58,63,56,44,37;4.06954e+06;147620
GeneticGreedy;data/FIS100-0.txt;100;95,87,10,12,77,82,5,1,6,32,21,18,35,29,39,41,93,79,84,78,40,88,69,31,16,17,99,90,11,51,66,9,33,59,57,4,8,23,25,50,22,80,81,85,74,55,91,92,96,54,56,42,49,89,13,3,43,44,60,24,71,30,83,86,72,36,75,61,65,68,70,0,37,97,45,62,63,67,58,20,28,47,76,52,26,34,38,73,98,48,14,15,19,46,64,27,53,2,7,94;9.97582e+06;182413
GeneticGreedy;data/FIS100-1.txt;100;21,28,68,96,44,34,26,49,1,0,7,11,46,41,56,65,71,70,36,67,13,74,76,97,75,61,69,24,12,9,23,81,78,83,35,98,3,18,17,31,10,55,14,93,22,95,86,32,58,19,89,73,29,60,4,51,63,53,80,66,87,6,42,59,15,48,16,30,45,43,33,64,27,8,38,84,85,57,99,62,52,40,5,72,82,54,20,77,50,39,2,25,47,37,90,94,91,92,79,88;9.83208e+06;174186
GeneticGreedy;data/FIS100-2.txt;100;10,69,22,75,64,95,33,44,55,99,62,46,47,42,96,40,49,90,37,24,45,39,18,9,27,76,28,15,80,26,51,4,81,11,31,12,78,32,35,2,8,71,72,93,86,88,29,70,82,1,73,74,43,83,13,6,3,14,65,41,20,48,87,98,54,56,30,7,68,53,79,77,50,57,19,85,94,60,66,23,25,91,17,0,89,92,97,67,63,52,58,84,5,59,61,21,34,36,38,16;1.03393e+07;185678
GeneticGreedy;data/FIS100-3.txt;100;77,3,7,43,67,64,46,1,22,80,42,83,99,37,4,44,66,35,73,50,93,6,5,54,0,8,14,49,36,56,98,94,62,9,30,92,16,71,79,60,59,29,57,23,19,25,58,24,78,17,68,65,84,21,47,88,95,96,53,75,51,61,27,11,45,31,69,52,72,63,18,13,90,48,74,32,10,15,91,76,2,26,20,85,40,70,89,41,97,55,38,39,34,87,33,28,81,12,82,86;1.11078e+07;174595
GeneticGreedy;data/FIS100-4.txt;100;1,22,5,31,95,25,46,98,32,88,8,43,74,60,0,9,29,55,48,42,63,54,73,6,26,35,79,70,28,69,30,91,16,19,44,24,80,84,82,40,45,12,17,72,47,71,21,37,67,61,93,94,66,59,27,78,86,33,77,14,7,4,57,58,65,89,90,51,38,50,62,76,96,75,83,18,3,56,87,64,97,41,36,34,53,39,81,85,92,99,13,52,2,15,10,20,11,23,68,49;9.53245e+06;168730
GeneticCheapest;data/FIS5-0.txt;5;1,2,0,3,4;414172;18430
GeneticCheapest;data/FIS5-1.txt;5;2,4,0,1,3;415704;22351
GeneticCheapest;data/FIS5-2.txt;5;3,0,1,4,2;405993;15356
GeneticCheapest;data/FIS5-3.txt;5;0,1,4,2,3;409060;21245
GeneticCheapest;data/FIS5-4.txt;5;4,1,0,2,3;409988;19418
GeneticCheapest;data/FIS6-0.txt;6;0,1,2,5,3,4;425230;15576
GeneticCheapest;data/FIS6-1.txt;6;0,1,3,2,4,5;420886;19436
GeneticCheapest;data/FIS6-2.txt;6;0,1,4,5,3,2;429735;23991
GeneticCheapest;data/FIS6-3.txt;6;3,1,4,2,0,5;419917;13819
GeneticCheapest;data/FIS6-4.txt;6;0,4,2,1,3,5;421418;16139
GeneticCheapest;data/FIS7-0.txt;7;2,4,1,3,6,0,5;436617;16355
GeneticCheapest;data/FIS7-1.txt;7;6,2,0,3,5,4,1;437619;20251
GeneticCheapest;data/FIS7-2.txt;7;3,1,2,0,5,6,4;442338;8243
GeneticCheapest;data/FIS7-3.txt;7;0,3,1,6,4,5,2;439247;19494
GeneticCheapest;data/FIS7-4.txt;7;3,1,0,5,2,6,4;437291;24395
GeneticCheapest;data/FIS8-0.txt;8;7,4,6,1,2,5,3,0;447627;19668
GeneticCheapest;data/FIS8-1.txt;8;4,5,6,3,0,7,1,2;454584;17845
GeneticCheapest;data/FIS8-2.txt;8;7,5,6,1,3,0,4,2;453475;12652
GeneticCheapest;data/FIS8-3.txt;8;3,4,1,2,5,7,6,0;454081;15018
GeneticCheapest;data/FIS8-4.txt;8;2,1,3,7,0,5,6,4;459903;19030
GeneticCheapest;data/FIS9-0.txt;9;5,4,0,8,7,2,3,1,6;472141;19211
GeneticCheapest;data/FIS9-1.txt;9;8,4,5,2,3,0,6,1,7;476029;25376
GeneticCheapest;data/FIS9-2.txt;9;2,3,4,6,8,1,5,7,0;472304;29033
GeneticCheapest;data/FIS9-3.txt;9;7,0,1,3,5,6,4,8,2;474093;17895
GeneticCheapest;data/FIS9-4.txt;9;2,6,3,8,5,0,1,4,7;477880;18675
GeneticCheapest;data/FIS10-0.txt;10;5,4,2,8,6,7,1,0,3,9;488879;17971
GeneticCheapest;data/FIS10-1.txt;10;6,9,1,7,5,2,4,0,3,8;488071;19192
GeneticCheapest;data/FIS10-2.txt;10;4,8,9,7,5,1,0,3,2,6;498140;22022
GeneticCheapest;data/FIS10-3.txt;10;8,6,7,1,5,9,3,4,2,0;499105;14404
GeneticCheapest;data/FIS10-4.txt;10;9,1,2,5,6,4,0,7,3,8;494274;15170
GeneticCheapest;data/FIS11-0.txt;11;6,1,9,5,2,0,4,3,7,10,8;508217;19179
GeneticCheapest;data/FIS11-1.txt;11;2,1,5,4,8,10,6,9,3,7,0;509684;22379
GeneticCheapest;data/FIS11-2.txt;11;4,8,7,3,2,10,0,5,1,9,6;504266;23796
GeneticCheapest;data/FIS11-3.txt;11;7,9,4,1,6,0,10,3,2,5,8;507096;23243
GeneticCheapest;data/FIS11-4.txt;11;8,9,6,7,5,3,0,4,1,2,10;511338;23334
GeneticCheapest;data/FIS12-0.txt;12;11,9,1,4,0,2,3,10,8,7,5,6;530625;23875
GeneticCheapest;data/FIS12-1.txt;12;0,3,2,7,8,5,9,11,6,10,4,1;522796;25024
GeneticCheapest;data/FIS12-2.txt;12;8,2,6,0,9,10,11,4,7,1,3,5;521520;29758
GeneticCheapest;data/FIS12-3.txt;12;7,4,11,2,6,0,10,9,5,8,3,1;517773;19391
GeneticCheapest;data/FIS12-4.txt;12;6,10,7,1,3,9,5,4,11,0,2,8;526028;24669
GeneticCheapest;data/FIS13-0.txt;13;4,0,3,10,7,11,12,2,9,1,6,5,8;539713;22923
GeneticCheapest;data/FIS13-1.txt;13;3,9,2,6,8,11,7,1,4,0,10,5,12;536123;29899
GeneticCheapest;data/FIS13-2.txt;13;1,2,9,10,6,7,5,11,12,8,4,3,0;541912;26045
GeneticCheapest;data/FIS13-3.txt;13;0,8,11,7,2,3,5,9,6,12,1,4,10;535881;18039
GeneticCheapest;data/FIS13-4.txt;13;9,1,4,10,7,12,11,5,8,2,0,3,6;535304;22323
GeneticCheapest;data/FIS14-0.txt;14;12,9,11,0,4,6,8,5,1,13,10,7,3,2;551771;24986
GeneticCheapest;data/FIS14-1.txt;14;10,1,5,2,11,3,7,9,13,4,0,12,8,6;550466;33317
GeneticCheapest;data/FIS14-2.txt;14;2,13,12,4,1,0,6,7,11,8,10,5,9,3;552474;27255
GeneticCheapest;data/FIS14-3.txt;14;5,8,6,2,1,7,3,12,13,4,9,11,10,0;547579;27268
GeneticCheapest;data/FIS14-4.txt;14;0,12,1,13,2,8,4,10,3,5,7,9,11,6;554494;30255
GeneticCheapest;data/FIS50-0.txt;50;22,35,6,19,24,44,30,45,32,7,14,27,29,3,20,41,43,1,33,42,10,36,31,48,15,25,23,2,5,26,13,39,16,9,12,37,18,40,28,46,8,11,21,47,0,17,4,34,38,49;1.13516e+06;89453
GeneticCheapest;data/FIS50-1.txt;50;4,6,37,25,41,33,46,20,21,2,12,29,48,49,11,1,28,19,9,17,24,18,32,35,44,42,31,23,36,43,40,5,13,3,15,10,27,47,8,7,34,38,39,22,0,16,45,26,30,14;1.16745e+06;76248
GeneticCheapest;data/FIS50-2.txt;50;37,39,49,23,25,18,32,13,15,36,10,35,7,31,48,44,47,33,5,24,22,4,30,0,11,42,20,29,17,6,8,2,27,26,21,9,28,40,43,16,19,14,46,45,38,41,1,3,34,12;1.16488e+06;104868
GeneticCheapest;data/FIS50-3.txt;50;23,10,14,29,9,12,4,1,47,31,44,39,40,35,43,16,22,5,6,2,19,49,48,24,0,3,11,20,13,34,36,32,42,37,27,21,7,25,17,26,18,46,28,41,15,33,8,30,45,38;1.16228e+06;97449
GeneticCheapest;data/FIS50-4.txt;50;4,22,38,36,43,19,37,14,1,45,17,48,18,20,7,28,39,2,35,15,47,34,42,9,27,3,44,41,33,21,31,0,16,13,49,11,5,10,6,12,23,25,32,26,40,24,29,46,8,30;1.15616e+06;89601
GeneticCheapest;data/FIS75-0.txt;75;42,43,45,47,70,29,10,34,31,3,41,13,64,25,48,4,5,59,37,61,23,21,53,40,63,26,50,30,62,20,49,36,12,33,74,17,46,6,0,11,9,71,15,55,67,68,54,56,27,73,60,72,39,1,44,22,38,57,14,19,32,65,35,8,16,2,52,7,58,51,69,28,66,18,24;3.32315e+06;154098
GeneticCheapest;data/FIS75-1.txt;75;15,43,54,66,38,51,3,1,52,9,31,28,50,70,42,39,47,21,71,59,58,29,40,60,34,14,7,69,68,10,12,27,74,4,0,37,22,45,17,13,56,24,25,48,44,57,23,36,16,32,26,63,64,72,20,8,41,33,46,62,67,11,6,73,35,30,65,5,49,2,53,61,55,19,18;3.31025e+06;152090
GeneticCheapest;data/FIS75-2.txt;75;47,4,40,33,54,34,71,69,7,56,27,20,46,39,68,57,23,59,10,72,22,25,63,70,18,36,43,74,53,15,24,48,13,31,29,55,5,50,38,2,21,73,32,1,19,12,58,14,51,11,3,28,26,66,45,17,9,64,42,62,41,16,6,35,52,65,61,44,0,8,37,60,67,30,49;3.29201e+06;138070
GeneticCheapest;data/FIS75-3.txt;75;52,61,56,67,71,72,70,74,5,23,9,59,17,69,35,33,64,58,26,10,15,28,50,11,6,41,12,19,49,68,39,32,7,16,27,25,37,1,42,22,53,31,44,13,38,20,65,46,30,21,18,66,57,43,3,55,14,45,51,73,47,2,4,34,24,60,54,62,29,48,40,0,63,8,36;3.2261e+06;135427
GeneticCheapest;data/FIS75-4.txt;75;22,19,55,32,23,14,74,47,39,59,13,16,25,7,64,57,60,56,44,40,5,6,51,21,67,71,68,46,30,70,35,48,1,65,43,31,20,41,3,28,12,53,29,18,61,72,62,17,54,24,27,34,45,4,73,50,9,33,66,42,26,15,0,2,11,69,63,58,36,10,38,37,52,49,8;3.23719e+06;130726
GeneticCheapest;data/FIS100-0.txt;100;56,90,34,2,61,76,74,43,57,24,42,80,86,27,25,58,20,95,66,5,17,16,35,18,77,82,67,63,21,49,68,62,71,47,10,98,89,13,0,22,45,93,39,79,1,81,46,48,3,85,23,15,53,32,64,33,29,94,84,12,91,72,55,59,92,40,44,50,26,31,78,88,99,38,87,11,70,28,75,96,52,19,9,8,69,14,37,36,73,54,4,51,60,6,30,83,65,7,97,41;9.61167e+06;178892
GeneticCheapest;data/FIS100-1.txt;100;4,24,55,93,99,41,69,22,35,8,97,31,85,25,75,20,46,39,95,94,81,63,78,59,32,5,56,65,80,91,90,33,7,17,0,26,1,84,50,89,76,66,10,29,27,52,71,67,19,53,15,57,60,72,83,98,47,42,77,28,21,18,3,38,9,43,82,73,49,44,40,92,74,96,23,11,54,64,34,45,12,86,16,87,36,13,70,58,61,48,62,14,2,68,79,37,6,88,30,51;9.61163e+06;202669
GeneticCheapest;data/FIS100-2.txt;100;60,37,17,12,21,43,80,49,19,98,5,51,2,58,32,7,82,92,53,64,67,81,35,91,96,1,62,10,97,18,54,13,14,30,44,79,25,41,16,94,24,33,27,47,84,74,38,36,52,72,69,57,34,3,40,63,95,75,85,61,39,42,73,65,87,45,68,15,50,76,48,31,28,46,59,66,99,83,11,88,90,29,22,89,71,56,20,77,55,9,23,93,78,70,0,4,26,86,6,8;9.89214e+06;169044
GeneticCheapest;data/FIS100-3.txt;100;57,25,55,12,92,87,20,94,9,76,88,85,1,86,66,45,8,21,4,91,10,15,48,90,29,46,56,78,47,89,70,0,64,19,6,39,79,42,96,83,95,43,5,49,17,40,72,58,81,31,35,65,97,74,68,63,93,80,67,53,71,82,27,32,22,75,36,50,28,14,16,37,84,7,33,26,54,34,60,51,13,18,30,52,99,41,3,59,11,98,44,23,69,2,24,62,61,73,77,38;1.06922e+07;192060
GeneticCheapest;data/FIS100-4.txt;100;91,69,90,16,9,62,72,22,20,25,76,73,19,33,89,98,81,56,65,41,97,64,21,61,93,68,49,66,48,29,3,47,88,36,85,77,94,28,45,7,75,31,40,4,51,67,74,95,58,60,0,6,87,50,37,92,70,24,43,8,79,83,23,5,38,84,13,52,1,44,15,46,39,86,55,34,27,99,57,78,30,80,11,10,14,82,63,26,2,35,54,17,32,59,71,53,12,96,42,18;1.10447e+07;184199